timestamp,chamber,member,ticker,asset,action,amount_low,amount_high,trade_date,filed_date,lag_days,priority,link
2026-08-27T08:19:04+00:00,House,Christian D. Menefee,PINS,"Pinterest, Inc. Class A Common Stock",SELL,15001,50000,2026-08-07,2026-08-07,0,LOW,https://disclosures-clerk.house.gov/public_disc/ptr-pdfs/2026/20035157.pdf
2026-08-27T08:19:05+00:00,House,Michael Rulli,GOOGL,Alphabet Inc. - Class A Common,BUY,1001,15000,2026-06-29,2026-08-07,39,LOW,https://disclosures-clerk.house.gov/public_disc/ptr-pdfs/2026/20035147.pdf
2026-08-27T08:19:05+00:00,House,Michael Rulli,GOOGL,Alphabet Inc. - Class A Common,BUY,1001,15000,2026-06-25,2026-08-07,43,LOW,https://disclosures-clerk.house.gov/public_disc/ptr-pdfs/2026/20035147.pdf
2026-08-27T08:19:05+00:00,House,Michael Rulli,GOOGL,Alphabet Inc. - Class A Common,SELL,1001,15000,2025-07-03,2026-08-07,400,LOW,https://disclosures-clerk.house.gov/public_disc/ptr-pdfs/2026/20035147.pdf
2026-08-27T08:19:05+00:00,House,Michael Rulli,AMZN,"Amazon.com, Inc. - Common Stock",SELL,1001,15000,2025-07-03,2026-08-07,400,LOW,https://disclosures-clerk.house.gov/public_disc/ptr-pdfs/2026/20035147.pdf
2026-08-27T08:19:05+00:00,House,Michael Rulli,AMZN,"Amazon.com, Inc. - Common Stock",SELL,1001,15000,2026-06-25,2026-08-07,43,LOW,https://disclosures-clerk.house.gov/public_disc/ptr-pdfs/2026/20035147.pdf
2026-08-27T08:19:05+00:00,House,Michael Rulli,AAPL,Apple Inc. - Common Stock,SELL,1001,15000,2026-06-25,2026-08-07,43,LOW,https://disclosures-clerk.house.gov/public_disc/ptr-pdfs/2026/20035147.pdf
2026-08-27T08:19:05+00:00,House,Michael Rulli,AAPL,Apple Inc. - Common Stock,SELL,1001,15000,2025-10-27,2026-08-07,284,LOW,https://disclosures-clerk.house.gov/public_disc/ptr-pdfs/2026/20035147.pdf
2026-08-27T08:19:05+00:00,House,Michael Rulli,AAPL,Apple Inc. - Common Stock,BUY,1001,15000,2025-08-01,2026-08-07,371,LOW,https://disclosures-clerk.house.gov/public_disc/ptr-pdfs/2026/20035147.pdf
2026-08-27T08:19:05+00:00,House,Michael Rulli,KO,Coca-Cola Company,BUY,1001,15000,2025-12-03,2026-08-07,247,LOW,https://disclosures-clerk.house.gov/public_disc/ptr-pdfs/2026/20035147.pdf
2026-08-27T08:19:05+00:00,House,Michael Rulli,CCI,Crown Castle Inc. Common Stock,SELL,1001,15000,2026-08-06,2026-08-07,1,LOW,https://disclosures-clerk.house.gov/public_disc/ptr-pdfs/2026/20035147.pdf
2026-08-27T08:19:05+00:00,House,Michael Rulli,LLY,Eli Lilly and Company Common Stock,SELL,1001,15000,2025-12-02,2026-08-07,248,LOW,https://disclosures-clerk.house.gov/public_disc/ptr-pdfs/2026/20035147.pdf
2026-08-27T08:19:05+00:00,House,Michael Rulli,LLY,Eli Lilly and Company Common Stock,SELL,1001,15000,2026-07-01,2026-08-07,37,LOW,https://disclosures-clerk.house.gov/public_disc/ptr-pdfs/2026/20035147.pdf
2026-08-27T08:19:05+00:00,House,Michael Rulli,LLY,Eli Lilly and Company Common Stock,BUY,1001,15000,2026-01-02,2026-08-07,217,LOW,https://disclosures-clerk.house.gov/public_disc/ptr-pdfs/2026/20035147.pdf
2026-08-27T08:19:05+00:00,House,Michael Rulli,GEV,GE Vernova Inc. Common Stock,SELL,1001,15000,2025-10-06,2026-08-07,305,LOW,https://disclosures-clerk.house.gov/public_disc/ptr-pdfs/2026/20035147.pdf
2026-08-27T08:19:05+00:00,House,Michael Rulli,KLAC,KLA Corporation - Common Stock,BUY,1001,15000,2026-07-01,2026-08-07,37,LOW,https://disclosures-clerk.house.gov/public_disc/ptr-pdfs/2026/20035147.pdf
2026-08-27T08:19:05+00:00,House,Michael Rulli,META,"Meta Platforms, Inc. - Class A",SELL,1001,15000,2026-01-09,2026-08-07,210,LOW,https://disclosures-clerk.house.gov/public_disc/ptr-pdfs/2026/20035147.pdf
2026-08-27T08:19:05+00:00,House,Michael Rulli,META,"Meta Platforms, Inc. - Class A",BUY,1001,15000,2026-05-06,2026-08-07,93,LOW,https://disclosures-clerk.house.gov/public_disc/ptr-pdfs/2026/20035147.pdf
2026-08-27T08:19:05+00:00,House,Michael Rulli,META,"Meta Platforms, Inc. - Class A",BUY,1001,15000,2025-09-18,2026-08-07,323,LOW,https://disclosures-clerk.house.gov/public_disc/ptr-pdfs/2026/20035147.pdf
2026-08-27T08:19:05+00:00,House,Michael Rulli,MU,"Micron Technology, Inc. - Common",BUY,1001,15000,2026-06-25,2026-08-07,43,LOW,https://disclosures-clerk.house.gov/public_disc/ptr-pdfs/2026/20035147.pdf
2026-08-27T08:19:05+00:00,House,Michael Rulli,MSFT,Microsoft Corporation - Common,SELL,1001,15000,2026-06-25,2026-08-07,43,LOW,https://disclosures-clerk.house.gov/public_disc/ptr-pdfs/2026/20035147.pdf
2026-08-27T08:19:05+00:00,House,Michael Rulli,MSFT,Microsoft Corporation - Common,SELL,1001,15000,2026-02-20,2026-08-07,168,LOW,https://disclosures-clerk.house.gov/public_disc/ptr-pdfs/2026/20035147.pdf
2026-08-27T08:19:05+00:00,House,Michael Rulli,MSFT,Microsoft Corporation - Common,BUY,1001,15000,2026-02-05,2026-08-07,183,LOW,https://disclosures-clerk.house.gov/public_disc/ptr-pdfs/2026/20035147.pdf
2026-08-27T08:19:05+00:00,House,Michael Rulli,NVDA,NVIDIA Corporation - Common Stock,BUY,1001,15000,2026-06-25,2026-08-07,43,LOW,https://disclosures-clerk.house.gov/public_disc/ptr-pdfs/2026/20035147.pdf
2026-08-27T08:19:05+00:00,House,Michael Rulli,NVDA,NVIDIA Corporation - Common Stock,BUY,1001,15000,2025-08-01,2026-08-07,371,LOW,https://disclosures-clerk.house.gov/public_disc/ptr-pdfs/2026/20035147.pdf
2026-08-27T08:19:05+00:00,House,Michael Rulli,NVDA,NVIDIA Corporation - Common Stock,SELL,1001,15000,2025-07-31,2026-08-07,372,LOW,https://disclosures-clerk.house.gov/public_disc/ptr-pdfs/2026/20035147.pdf
2026-08-27T08:19:05+00:00,House,Michael Rulli,ORCL,Oracle Corporation Common Stock,BUY,1001,15000,2025-01-14,2026-08-07,570,LOW,https://disclosures-clerk.house.gov/public_disc/ptr-pdfs/2026/20035147.pdf
2026-08-27T08:19:05+00:00,House,Michael Rulli,PLTR,Palantir Technologies Inc. - Class A,SELL,1001,15000,2026-05-06,2026-08-07,93,LOW,https://disclosures-clerk.house.gov/public_disc/ptr-pdfs/2026/20035147.pdf
2026-08-27T08:19:05+00:00,House,Michael Rulli,PLTR,Palantir Technologies Inc. - Class A,BUY,1001,15000,2026-01-09,2026-08-07,210,LOW,https://disclosures-clerk.house.gov/public_disc/ptr-pdfs/2026/20035147.pdf
2026-08-27T08:19:05+00:00,House,Michael Rulli,PFE,"Pfizer, Inc. Common Stock",SELL,1001,15000,2024-11-26,2026-08-07,619,LOW,https://disclosures-clerk.house.gov/public_disc/ptr-pdfs/2026/20035147.pdf
2026-08-27T08:19:05+00:00,House,Michael Rulli,PRU,"Prudential Financial, Inc. Common",SELL,1001,15000,2025-05-07,2026-08-07,457,LOW,https://disclosures-clerk.house.gov/public_disc/ptr-pdfs/2026/20035147.pdf
2026-08-27T08:19:05+00:00,House,Michael Rulli,NOW,"ServiceNow, Inc. Common Stock",SELL,1001,15000,2024-12-16,2026-08-07,599,LOW,https://disclosures-clerk.house.gov/public_disc/ptr-pdfs/2026/20035147.pdf
2026-08-27T08:19:05+00:00,House,Michael Rulli,TMO,Thermo Fisher Scientific Inc Common,SELL,1001,15000,2024-12-12,2026-08-07,603,LOW,https://disclosures-clerk.house.gov/public_disc/ptr-pdfs/2026/20035147.pdf
2026-08-27T08:19:06+00:00,House,Maria Elvira Salazar,BRK.B,Berkshire Hathaway Inc. New,BUY,15001,50000,2026-07-28,2026-08-07,10,LOW,https://disclosures-clerk.house.gov/public_disc/ptr-pdfs/2026/20035138.pdf
2026-08-27T08:19:06+00:00,House,Maria Elvira Salazar,CARR,Carrier Global Corporation Common,SELL,15001,50000,2026-07-28,2026-08-07,10,LOW,https://disclosures-clerk.house.gov/public_disc/ptr-pdfs/2026/20035138.pdf
2026-08-27T08:19:06+00:00,House,Maria Elvira Salazar,CB,Chubb Limited Common Stock,BUY,15001,50000,2026-07-01,2026-08-07,37,LOW,https://disclosures-clerk.house.gov/public_disc/ptr-pdfs/2026/20035138.pdf
2026-08-27T08:19:06+00:00,House,David J. Taylor,GOOGL,Alphabet Inc. - Class A Common,BUY,1001,15000,2026-07-17,2026-08-06,20,LOW,https://disclosures-clerk.house.gov/public_disc/ptr-pdfs/2026/20035146.pdf
2026-08-27T08:19:06+00:00,House,David J. Taylor,AVGO,Broadcom Inc. - Common Stock,BUY,1001,15000,2026-07-24,2026-08-06,13,LOW,https://disclosures-clerk.house.gov/public_disc/ptr-pdfs/2026/20035146.pdf
2026-08-27T08:19:06+00:00,House,David J. Taylor,FITB,Fifth Third Bancorp - Common Stock,SELL,1001,15000,2026-07-24,2026-08-06,13,LOW,https://disclosures-clerk.house.gov/public_disc/ptr-pdfs/2026/20035146.pdf
2026-08-27T08:19:06+00:00,House,David J. Taylor,KR,Kroger Company,BUY,1001,15000,2026-07-24,2026-08-06,13,LOW,https://disclosures-clerk.house.gov/public_disc/ptr-pdfs/2026/20035146.pdf
2026-08-27T08:19:06+00:00,House,David J. Taylor,MPC,Marathon Petroleum Corporation,SELL,1001,15000,2026-07-24,2026-08-06,13,LOW,https://disclosures-clerk.house.gov/public_disc/ptr-pdfs/2026/20035146.pdf
2026-08-27T08:19:06+00:00,House,David J. Taylor,MSFT,Microsoft Corporation - Common,BUY,1001,15000,2026-07-24,2026-08-06,13,LOW,https://disclosures-clerk.house.gov/public_disc/ptr-pdfs/2026/20035146.pdf
2026-08-27T08:19:07+00:00,House,Lloyd Doggett,KO,Coca-Cola Company,BUY,1001,15000,2026-07-01,2026-08-05,35,LOW,https://disclosures-clerk.house.gov/public_disc/ptr-pdfs/2026/20035136.pdf
2026-08-27T08:19:08+00:00,House,Julie Johnson,MMM,2000135564 JT 3M Company Common Stock,BUY,1001,15000,2025-03-15,2026-08-05,508,LOW,https://disclosures-clerk.house.gov/public_disc/ptr-pdfs/2026/20035035.pdf
2026-08-27T08:19:08+00:00,House,Julie Johnson,AOS,A.O. Smith Corporation Common,SELL,1001,15000,2025-09-23,2026-08-05,316,LOW,https://disclosures-clerk.house.gov/public_disc/ptr-pdfs/2026/20035035.pdf
2026-08-27T08:19:08+00:00,House,Julie Johnson,AOS,A.O. Smith Corporation Common,BUY,1001,15000,2025-09-23,2026-08-05,316,LOW,https://disclosures-clerk.house.gov/public_disc/ptr-pdfs/2026/20035035.pdf
2026-08-27T08:19:08+00:00,House,Julie Johnson,ADBE,Adobe Inc. - Common Stock,BUY,1001,15000,2025-10-30,2026-08-05,279,LOW,https://disclosures-clerk.house.gov/public_disc/ptr-pdfs/2026/20035035.pdf
2026-08-27T08:19:08+00:00,House,Julie Johnson,ADBE,Adobe Inc. - Common Stock,SELL,1001,15000,2025-10-30,2026-08-05,279,LOW,https://disclosures-clerk.house.gov/public_disc/ptr-pdfs/2026/20035035.pdf
2026-08-27T08:19:08+00:00,House,Julie Johnson,A,"Agilent Technologies, Inc",SELL,1001,15000,2025-09-23,2026-08-05,316,LOW,https://disclosures-clerk.house.gov/public_disc/ptr-pdfs/2026/20035035.pdf
2026-08-27T08:19:08+00:00,House,Julie Johnson,A,"Agilent Technologies, Inc",BUY,1001,15000,2025-09-23,2026-08-05,316,LOW,https://disclosures-clerk.house.gov/public_disc/ptr-pdfs/2026/20035035.pdf
2026-08-27T08:19:08+00:00,House,Julie Johnson,ALK,"Alaska Air Group, Inc. Common",BUY,1001,15000,2025-10-21,2026-08-05,288,LOW,https://disclosures-clerk.house.gov/public_disc/ptr-pdfs/2026/20035035.pdf
2026-08-27T08:19:08+00:00,House,Julie Johnson,ALK,"Alaska Air Group, Inc. Common",SELL,1001,15000,2025-10-21,2026-08-05,288,LOW,https://disclosures-clerk.house.gov/public_disc/ptr-pdfs/2026/20035035.pdf
2026-08-27T08:19:08+00:00,House,Julie Johnson,AEE,Ameren Corporation Common,SELL,1001,15000,2025-09-23,2026-08-05,316,LOW,https://disclosures-clerk.house.gov/public_disc/ptr-pdfs/2026/20035035.pdf
2026-08-27T08:19:08+00:00,House,Julie Johnson,AEE,Ameren Corporation Common,BUY,1001,15000,2025-09-23,2026-08-05,316,LOW,https://disclosures-clerk.house.gov/public_disc/ptr-pdfs/2026/20035035.pdf
2026-08-27T08:19:08+00:00,House,Julie Johnson,BA,Boeing Company,BUY,1001,15000,2025-12-02,2026-08-05,246,LOW,https://disclosures-clerk.house.gov/public_disc/ptr-pdfs/2026/20035035.pdf
2026-08-27T08:19:08+00:00,House,Julie Johnson,BA,Boeing Company,SELL,1001,15000,2025-12-02,2026-08-05,246,LOW,https://disclosures-clerk.house.gov/public_disc/ptr-pdfs/2026/20035035.pdf
2026-08-27T08:19:08+00:00,House,Julie Johnson,CARR,Carrier Global Corporation,SELL,1001,15000,2025-10-03,2026-08-05,306,LOW,https://disclosures-clerk.house.gov/public_disc/ptr-pdfs/2026/20035035.pdf
2026-08-27T08:19:08+00:00,House,Julie Johnson,CARR,Carrier Global Corporation,BUY,1001,15000,2025-10-03,2026-08-05,306,LOW,https://disclosures-clerk.house.gov/public_disc/ptr-pdfs/2026/20035035.pdf
2026-08-27T08:19:08+00:00,House,Julie Johnson,,CMS Energy Corporation Common,BUY,1001,15000,2025-12-08,2026-08-05,240,LOW,https://disclosures-clerk.house.gov/public_disc/ptr-pdfs/2026/20035035.pdf
2026-08-27T08:19:08+00:00,House,Julie Johnson,CMS,CMS Energy Corporation Common,SELL,1001,15000,2025-12-08,2026-08-05,240,LOW,https://disclosures-clerk.house.gov/public_disc/ptr-pdfs/2026/20035035.pdf
2026-08-27T08:19:08+00:00,House,Julie Johnson,CL,Colgate-Palmolive Company,SELL,1001,15000,2025-09-23,2026-08-05,316,LOW,https://disclosures-clerk.house.gov/public_disc/ptr-pdfs/2026/20035035.pdf
2026-08-27T08:19:08+00:00,House,Julie Johnson,CL,Colgate-Palmolive Company,BUY,1001,15000,2025-09-23,2026-08-05,316,LOW,https://disclosures-clerk.house.gov/public_disc/ptr-pdfs/2026/20035035.pdf
2026-08-27T08:19:08+00:00,House,Julie Johnson,DVA,DaVita Inc. Common Stock,BUY,1001,15000,2025-09-23,2026-08-05,316,LOW,https://disclosures-clerk.house.gov/public_disc/ptr-pdfs/2026/20035035.pdf
2026-08-27T08:19:08+00:00,House,Julie Johnson,DVA,DaVita Inc. Common Stock,SELL,1001,15000,2025-09-23,2026-08-05,316,LOW,https://disclosures-clerk.house.gov/public_disc/ptr-pdfs/2026/20035035.pdf
2026-08-27T08:19:08+00:00,House,Julie Johnson,SRE,DBA Sempra Common Stock,SELL,1001,15000,2025-09-23,2026-08-05,316,LOW,https://disclosures-clerk.house.gov/public_disc/ptr-pdfs/2026/20035035.pdf
2026-08-27T08:19:08+00:00,House,Julie Johnson,SRE,DBA Sempra Common Stock,BUY,1001,15000,2025-09-23,2026-08-05,316,LOW,https://disclosures-clerk.house.gov/public_disc/ptr-pdfs/2026/20035035.pdf
2026-08-27T08:19:08+00:00,House,Julie Johnson,DE,Deere & Company Common Stock,BUY,1001,15000,2025-10-21,2026-08-05,288,LOW,https://disclosures-clerk.house.gov/public_disc/ptr-pdfs/2026/20035035.pdf
2026-08-27T08:19:08+00:00,House,Julie Johnson,,Deere & Company Common Stock,SELL,1001,15000,2025-10-21,2026-08-05,288,LOW,https://disclosures-clerk.house.gov/public_disc/ptr-pdfs/2026/20035035.pdf
2026-08-27T08:19:08+00:00,House,Julie Johnson,EQIX,"Equinix, Inc. - Common Stock",SELL,1001,15000,2025-09-23,2026-08-05,316,LOW,https://disclosures-clerk.house.gov/public_disc/ptr-pdfs/2026/20035035.pdf
2026-08-27T08:19:08+00:00,House,Julie Johnson,EQIX,"Equinix, Inc. - Common Stock",BUY,1001,15000,2025-09-23,2026-08-05,316,LOW,https://disclosures-clerk.house.gov/public_disc/ptr-pdfs/2026/20035035.pdf
2026-08-27T08:19:08+00:00,House,Julie Johnson,FFIV,"F5, Inc. - Common Stock",BUY,1001,15000,2025-10-21,2026-08-05,288,LOW,https://disclosures-clerk.house.gov/public_disc/ptr-pdfs/2026/20035035.pdf
2026-08-27T08:19:08+00:00,House,Julie Johnson,FFIV,"F5, Inc. - Common Stock",SELL,1001,15000,2025-10-21,2026-08-05,288,LOW,https://disclosures-clerk.house.gov/public_disc/ptr-pdfs/2026/20035035.pdf
2026-08-27T08:19:08+00:00,House,Julie Johnson,FITB,Fifth Third Bancorp - Common,EXCHANGE,1001,15000,2026-02-02,2026-08-05,184,LOW,https://disclosures-clerk.house.gov/public_disc/ptr-pdfs/2026/20035035.pdf
2026-08-27T08:19:08+00:00,House,Julie Johnson,FISV,"Fiserv, Inc. - Common Stock",SELL,1001,15000,2025-10-03,2026-08-05,306,LOW,https://disclosures-clerk.house.gov/public_disc/ptr-pdfs/2026/20035035.pdf
2026-08-27T08:19:08+00:00,House,Julie Johnson,FISV,"Fiserv, Inc. - Common Stock",BUY,1001,15000,2025-10-03,2026-08-05,306,LOW,https://disclosures-clerk.house.gov/public_disc/ptr-pdfs/2026/20035035.pdf
2026-08-27T08:19:08+00:00,House,Julie Johnson,GEN,Gen Digital Inc. - Common Stock,BUY,1001,15000,2025-10-21,2026-08-05,288,LOW,https://disclosures-clerk.house.gov/public_disc/ptr-pdfs/2026/20035035.pdf
2026-08-27T08:19:08+00:00,House,Julie Johnson,GEN,Gen Digital Inc. - Common Stock,SELL,1001,15000,2025-10-21,2026-08-05,288,LOW,https://disclosures-clerk.house.gov/public_disc/ptr-pdfs/2026/20035035.pdf
2026-08-27T08:19:08+00:00,House,Julie Johnson,HON,Honeywell International Inc,SELL,1001,15000,2025-09-23,2026-08-05,316,LOW,https://disclosures-clerk.house.gov/public_disc/ptr-pdfs/2026/20035035.pdf
2026-08-27T08:19:08+00:00,House,Julie Johnson,HON,Honeywell International Inc,BUY,1001,15000,2025-09-23,2026-08-05,316,LOW,https://disclosures-clerk.house.gov/public_disc/ptr-pdfs/2026/20035035.pdf
2026-08-27T08:19:08+00:00,House,Julie Johnson,IP,International Paper Company,BUY,1001,15000,2025-10-30,2026-08-05,279,LOW,https://disclosures-clerk.house.gov/public_disc/ptr-pdfs/2026/20035035.pdf
2026-08-27T08:19:08+00:00,House,Julie Johnson,IP,International Paper Company,SELL,1001,15000,2025-10-30,2026-08-05,279,LOW,https://disclosures-clerk.house.gov/public_disc/ptr-pdfs/2026/20035035.pdf
2026-08-27T08:19:08+00:00,House,Julie Johnson,KEY,KeyCorp Common Stock,SELL,1001,15000,2025-09-23,2026-08-05,316,LOW,https://disclosures-clerk.house.gov/public_disc/ptr-pdfs/2026/20035035.pdf
2026-08-27T08:19:08+00:00,House,Julie Johnson,KEY,KeyCorp Common Stock,BUY,1001,15000,2025-09-23,2026-08-05,316,LOW,https://disclosures-clerk.house.gov/public_disc/ptr-pdfs/2026/20035035.pdf
2026-08-27T08:19:08+00:00,House,Julie Johnson,KR,Kroger Company,BUY,1001,15000,2025-10-03,2026-08-05,306,LOW,https://disclosures-clerk.house.gov/public_disc/ptr-pdfs/2026/20035035.pdf
2026-08-27T08:19:08+00:00,House,Julie Johnson,KR,Kroger Company,SELL,1001,15000,2025-10-03,2026-08-05,306,LOW,https://disclosures-clerk.house.gov/public_disc/ptr-pdfs/2026/20035035.pdf
2026-08-27T08:19:08+00:00,House,Julie Johnson,,LyondellBasell Industries NV,SELL,1001,15000,2025-09-23,2026-08-05,316,LOW,https://disclosures-clerk.house.gov/public_disc/ptr-pdfs/2026/20035035.pdf
2026-08-27T08:19:08+00:00,House,Julie Johnson,LYB,LyondellBasell Industries NV,BUY,1001,15000,2025-09-23,2026-08-05,316,LOW,https://disclosures-clerk.house.gov/public_disc/ptr-pdfs/2026/20035035.pdf
2026-08-27T08:19:08+00:00,House,Julie Johnson,MKC,McCormick & Company,BUY,1001,15000,2025-09-23,2026-08-05,316,LOW,https://disclosures-clerk.house.gov/public_disc/ptr-pdfs/2026/20035035.pdf
2026-08-27T08:19:08+00:00,House,Julie Johnson,MKC,McCormick & Company,SELL,1001,15000,2025-09-23,2026-08-05,316,LOW,https://disclosures-clerk.house.gov/public_disc/ptr-pdfs/2026/20035035.pdf
2026-08-27T08:19:08+00:00,House,Julie Johnson,MDT,Medtronic plc. Ordinary Shares,SELL (partial),1001,15000,2025-05-07,2026-08-05,455,LOW,https://disclosures-clerk.house.gov/public_disc/ptr-pdfs/2026/20035035.pdf
2026-08-27T08:19:08+00:00,House,Julie Johnson,TAP,Molson Coors Beverage Company,SELL,1001,15000,2025-09-23,2026-08-05,316,LOW,https://disclosures-clerk.house.gov/public_disc/ptr-pdfs/2026/20035035.pdf
2026-08-27T08:19:08+00:00,House,Julie Johnson,TAP,Molson Coors Beverage Company,BUY,1001,15000,2025-09-23,2026-08-05,316,LOW,https://disclosures-clerk.house.gov/public_disc/ptr-pdfs/2026/20035035.pdf
2026-08-27T08:19:08+00:00,House,Julie Johnson,MDLZ,"Mondelez International, Inc",BUY,1001,15000,2025-10-30,2026-08-05,279,LOW,https://disclosures-clerk.house.gov/public_disc/ptr-pdfs/2026/20035035.pdf
2026-08-27T08:19:08+00:00,House,Julie Johnson,MDLZ,"Mondelez International, Inc",SELL,1001,15000,2025-10-30,2026-08-05,279,LOW,https://disclosures-clerk.house.gov/public_disc/ptr-pdfs/2026/20035035.pdf
2026-08-27T08:19:08+00:00,House,Julie Johnson,MNST,Monster Beverage Corporation,SELL,1001,15000,2025-09-23,2026-08-05,316,LOW,https://disclosures-clerk.house.gov/public_disc/ptr-pdfs/2026/20035035.pdf
2026-08-27T08:19:08+00:00,House,Julie Johnson,MNST,Monster Beverage Corporation,BUY,1001,15000,2025-09-23,2026-08-05,316,LOW,https://disclosures-clerk.house.gov/public_disc/ptr-pdfs/2026/20035035.pdf
2026-08-27T08:19:08+00:00,House,Julie Johnson,PAYX,"Paychex, Inc. - Common Stock",BUY,1001,15000,2025-09-23,2026-08-05,316,LOW,https://disclosures-clerk.house.gov/public_disc/ptr-pdfs/2026/20035035.pdf
2026-08-27T08:19:08+00:00,House,Julie Johnson,PAYX,"Paychex, Inc. - Common Stock",SELL,1001,15000,2025-09-23,2026-08-05,316,LOW,https://disclosures-clerk.house.gov/public_disc/ptr-pdfs/2026/20035035.pdf
2026-08-27T08:19:08+00:00,House,Julie Johnson,PAYC,"Paycom Software, Inc. Common",SELL,1001,15000,2025-09-23,2026-08-05,316,LOW,https://disclosures-clerk.house.gov/public_disc/ptr-pdfs/2026/20035035.pdf
2026-08-27T08:19:08+00:00,House,Julie Johnson,PAYC,"Paycom Software, Inc. Common",BUY,1001,15000,2025-09-23,2026-08-05,316,LOW,https://disclosures-clerk.house.gov/public_disc/ptr-pdfs/2026/20035035.pdf
2026-08-27T08:19:08+00:00,House,Julie Johnson,PEG,Public Service Enterprise Group,BUY,1001,15000,2025-12-08,2026-08-05,240,LOW,https://disclosures-clerk.house.gov/public_disc/ptr-pdfs/2026/20035035.pdf
2026-08-27T08:19:08+00:00,House,Julie Johnson,PEG,Public Service Enterprise Group,SELL,1001,15000,2025-12-08,2026-08-05,240,LOW,https://disclosures-clerk.house.gov/public_disc/ptr-pdfs/2026/20035035.pdf
2026-08-27T08:19:08+00:00,House,Julie Johnson,DGX,Quest Diagnostics Incorporated,SELL,1001,15000,2025-10-30,2026-08-05,279,LOW,https://disclosures-clerk.house.gov/public_disc/ptr-pdfs/2026/20035035.pdf
2026-08-27T08:19:08+00:00,House,Julie Johnson,DGX,Quest Diagnostics Incorporated,BUY,1001,15000,2025-10-30,2026-08-05,279,LOW,https://disclosures-clerk.house.gov/public_disc/ptr-pdfs/2026/20035035.pdf
2026-08-27T08:19:08+00:00,House,Julie Johnson,ROL,"Rollins, Inc. Common Stock",BUY,1001,15000,2025-09-23,2026-08-05,316,LOW,https://disclosures-clerk.house.gov/public_disc/ptr-pdfs/2026/20035035.pdf
2026-08-27T08:19:08+00:00,House,Julie Johnson,ROL,"Rollins, Inc. Common Stock",SELL,1001,15000,2025-09-23,2026-08-05,316,LOW,https://disclosures-clerk.house.gov/public_disc/ptr-pdfs/2026/20035035.pdf
2026-08-27T08:19:08+00:00,House,Julie Johnson,NOW,"ServiceNow, Inc. Common Stock",SELL,1001,15000,2025-12-08,2026-08-05,240,LOW,https://disclosures-clerk.house.gov/public_disc/ptr-pdfs/2026/20035035.pdf
2026-08-27T08:19:08+00:00,House,Julie Johnson,NOW,"ServiceNow, Inc. Common Stock",BUY,1001,15000,2025-12-08,2026-08-05,240,LOW,https://disclosures-clerk.house.gov/public_disc/ptr-pdfs/2026/20035035.pdf
2026-08-27T08:19:08+00:00,House,Julie Johnson,CI,The Cigna Group Common Stock,BUY,1001,15000,2025-09-23,2026-08-05,316,LOW,https://disclosures-clerk.house.gov/public_disc/ptr-pdfs/2026/20035035.pdf
2026-08-27T08:19:08+00:00,House,Julie Johnson,CI,The Cigna Group Common Stock,SELL,1001,15000,2025-09-23,2026-08-05,316,LOW,https://disclosures-clerk.house.gov/public_disc/ptr-pdfs/2026/20035035.pdf
2026-08-27T08:19:08+00:00,House,Julie Johnson,UDR,"UDR, Inc. Common Stock",SELL,1001,15000,2025-09-23,2026-08-05,316,LOW,https://disclosures-clerk.house.gov/public_disc/ptr-pdfs/2026/20035035.pdf
2026-08-27T08:19:08+00:00,House,Julie Johnson,UDR,"UDR, Inc. Common Stock",BUY,1001,15000,2025-09-23,2026-08-05,316,LOW,https://disclosures-clerk.house.gov/public_disc/ptr-pdfs/2026/20035035.pdf
2026-08-27T08:19:08+00:00,House,Julie Johnson,VRSN,"VeriSign, Inc. - Common Stock",BUY,1001,15000,2025-10-03,2026-08-05,306,LOW,https://disclosures-clerk.house.gov/public_disc/ptr-pdfs/2026/20035035.pdf
2026-08-27T08:19:08+00:00,House,Julie Johnson,VRSN,"VeriSign, Inc. - Common Stock",SELL,1001,15000,2025-10-03,2026-08-05,306,LOW,https://disclosures-clerk.house.gov/public_disc/ptr-pdfs/2026/20035035.pdf
2026-08-27T08:19:08+00:00,House,Julie Johnson,VRSK,"Verisk Analytics, Inc. - Common",SELL,1001,15000,2025-10-30,2026-08-05,279,LOW,https://disclosures-clerk.house.gov/public_disc/ptr-pdfs/2026/20035035.pdf
2026-08-27T08:19:08+00:00,House,Julie Johnson,VRSK,"Verisk Analytics, Inc. - Common",BUY,1001,15000,2025-10-30,2026-08-05,279,LOW,https://disclosures-clerk.house.gov/public_disc/ptr-pdfs/2026/20035035.pdf
2026-08-27T08:19:08+00:00,House,Julie Johnson,WEC,"WEC Energy Group, Inc. Common",BUY,1001,15000,2025-09-23,2026-08-05,316,LOW,https://disclosures-clerk.house.gov/public_disc/ptr-pdfs/2026/20035035.pdf
2026-08-27T08:19:08+00:00,House,Julie Johnson,WEC,"WEC Energy Group, Inc. Common",SELL,1001,15000,2025-09-23,2026-08-05,316,LOW,https://disclosures-clerk.house.gov/public_disc/ptr-pdfs/2026/20035035.pdf
2026-08-27T08:19:08+00:00,House,Julie Johnson,WY,Weyerhaeuser Company Common,SELL,1001,15000,2025-10-21,2026-08-05,288,LOW,https://disclosures-clerk.house.gov/public_disc/ptr-pdfs/2026/20035035.pdf
2026-08-27T08:19:08+00:00,House,Julie Johnson,WY,Weyerhaeuser Company Common,BUY,1001,15000,2025-10-21,2026-08-05,288,LOW,https://disclosures-clerk.house.gov/public_disc/ptr-pdfs/2026/20035035.pdf
2026-08-27T08:19:08+00:00,House,Lisa McClain,,Saronic Technologies,BUY,50001,100000,2026-07-15,2026-08-05,21,MEDIUM,https://disclosures-clerk.house.gov/public_disc/ptr-pdfs/2026/20035131.pdf
2026-08-27T08:19:10+00:00,House,April McClain Delaney,BWXT,"BWX Technologies, Inc. Common",BUY,15001,50000,2026-07-24,2026-08-03,10,LOW,https://disclosures-clerk.house.gov/public_disc/ptr-pdfs/2026/20035118.pdf
2026-08-27T08:19:10+00:00,House,April McClain Delaney,BWXT,"BWX Technologies, Inc. Common",BUY,1001,15000,2026-07-27,2026-08-03,7,LOW,https://disclosures-clerk.house.gov/public_disc/ptr-pdfs/2026/20035118.pdf
2026-08-27T08:19:10+00:00,House,April McClain Delaney,BWXT,"BWX Technologies, Inc. Common",BUY,1001,15000,2026-07-30,2026-08-03,4,LOW,https://disclosures-clerk.house.gov/public_disc/ptr-pdfs/2026/20035118.pdf
2026-08-27T08:19:10+00:00,House,April McClain Delaney,CHRW,"C.H. Robinson Worldwide, Inc",BUY,15001,50000,2026-07-31,2026-08-03,3,LOW,https://disclosures-clerk.house.gov/public_disc/ptr-pdfs/2026/20035118.pdf
2026-08-27T08:19:10+00:00,House,April McClain Delaney,CHRW,"C.H. Robinson Worldwide, Inc",BUY,15001,50000,2026-07-27,2026-08-03,7,LOW,https://disclosures-clerk.house.gov/public_disc/ptr-pdfs/2026/20035118.pdf
2026-08-27T08:19:10+00:00,House,April McClain Delaney,CHRW,"C.H. Robinson Worldwide, Inc",BUY,1001,15000,2026-07-28,2026-08-03,6,LOW,https://disclosures-clerk.house.gov/public_disc/ptr-pdfs/2026/20035118.pdf
2026-08-27T08:19:10+00:00,House,April McClain Delaney,CHRW,"C.H. Robinson Worldwide, Inc",BUY,1001,15000,2026-07-24,2026-08-03,10,LOW,https://disclosures-clerk.house.gov/public_disc/ptr-pdfs/2026/20035118.pdf
2026-08-27T08:19:10+00:00,House,April McClain Delaney,,"C.H. Robinson Worldwide, Inc",BUY,1001,15000,2026-07-22,2026-08-03,12,LOW,https://disclosures-clerk.house.gov/public_disc/ptr-pdfs/2026/20035118.pdf
2026-08-27T08:19:10+00:00,House,April McClain Delaney,CHRW,"C.H. Robinson Worldwide, Inc",BUY,1001,15000,2026-07-20,2026-08-03,14,LOW,https://disclosures-clerk.house.gov/public_disc/ptr-pdfs/2026/20035118.pdf
2026-08-27T08:19:10+00:00,House,April McClain Delaney,CLH,"Clean Harbors, Inc. Common Stock",SELL (partial),1001,15000,2026-07-24,2026-08-03,10,LOW,https://disclosures-clerk.house.gov/public_disc/ptr-pdfs/2026/20035118.pdf
2026-08-27T08:19:10+00:00,House,April McClain Delaney,CLH,"Clean Harbors, Inc. Common Stock",SELL (partial),1001,15000,2026-07-27,2026-08-03,7,LOW,https://disclosures-clerk.house.gov/public_disc/ptr-pdfs/2026/20035118.pdf
2026-08-27T08:19:10+00:00,House,April McClain Delaney,CLH,"Clean Harbors, Inc. Common Stock",SELL (partial),1001,15000,2026-07-28,2026-08-03,6,LOW,https://disclosures-clerk.house.gov/public_disc/ptr-pdfs/2026/20035118.pdf
2026-08-27T08:19:10+00:00,House,April McClain Delaney,CPAY,"Corpay, Inc. Common Stock",SELL (partial),1001,15000,2026-07-28,2026-08-03,6,LOW,https://disclosures-clerk.house.gov/public_disc/ptr-pdfs/2026/20035118.pdf
2026-08-27T08:19:10+00:00,House,April McClain Delaney,CPAY,"Corpay, Inc. Common Stock",SELL (partial),1001,15000,2026-07-30,2026-08-03,4,LOW,https://disclosures-clerk.house.gov/public_disc/ptr-pdfs/2026/20035118.pdf
2026-08-27T08:19:10+00:00,House,April McClain Delaney,CPAY,"Corpay, Inc. Common Stock",SELL (partial),1001,15000,2026-07-31,2026-08-03,3,LOW,https://disclosures-clerk.house.gov/public_disc/ptr-pdfs/2026/20035118.pdf
2026-08-27T08:19:10+00:00,House,April McClain Delaney,CPAY,"Corpay, Inc. Common Stock",SELL (partial),1001,15000,2026-07-15,2026-08-03,19,LOW,https://disclosures-clerk.house.gov/public_disc/ptr-pdfs/2026/20035118.pdf
2026-08-27T08:19:10+00:00,House,April McClain Delaney,CPAY,"Corpay, Inc. Common Stock",SELL (partial),1001,15000,2026-07-16,2026-08-03,18,LOW,https://disclosures-clerk.house.gov/public_disc/ptr-pdfs/2026/20035118.pdf
2026-08-27T08:19:10+00:00,House,April McClain Delaney,CPAY,"Corpay, Inc. Common Stock",SELL (partial),1001,15000,2026-07-17,2026-08-03,17,LOW,https://disclosures-clerk.house.gov/public_disc/ptr-pdfs/2026/20035118.pdf
2026-08-27T08:19:10+00:00,House,April McClain Delaney,ENTG,"Entegris, Inc. - Common Stock",BUY,1001,15000,2026-07-08,2026-08-03,26,LOW,https://disclosures-clerk.house.gov/public_disc/ptr-pdfs/2026/20035118.pdf
2026-08-27T08:19:10+00:00,House,April McClain Delaney,ENTG,"Entegris, Inc. - Common Stock",BUY,1001,15000,2026-07-30,2026-08-03,4,LOW,https://disclosures-clerk.house.gov/public_disc/ptr-pdfs/2026/20035118.pdf
2026-08-27T08:19:10+00:00,House,April McClain Delaney,HUBB,Hubbell Inc Common Stock,BUY,15001,50000,2026-07-23,2026-08-03,11,LOW,https://disclosures-clerk.house.gov/public_disc/ptr-pdfs/2026/20035118.pdf
2026-08-27T08:19:10+00:00,House,April McClain Delaney,FWONK,Liberty Media Corporation - Series C,BUY,15001,50000,2026-07-23,2026-08-03,11,LOW,https://disclosures-clerk.house.gov/public_disc/ptr-pdfs/2026/20035118.pdf
2026-08-27T08:19:10+00:00,House,April McClain Delaney,FWONK,Liberty Media Corporation - Series C,BUY,1001,15000,2026-07-22,2026-08-03,12,LOW,https://disclosures-clerk.house.gov/public_disc/ptr-pdfs/2026/20035118.pdf
2026-08-27T08:19:10+00:00,House,April McClain Delaney,FWONK,Liberty Media Corporation - Series C,BUY,15001,50000,2026-07-24,2026-08-03,10,LOW,https://disclosures-clerk.house.gov/public_disc/ptr-pdfs/2026/20035118.pdf
2026-08-27T08:19:10+00:00,House,April McClain Delaney,FWONK,Liberty Media Corporation - Series C,BUY,15001,50000,2026-07-31,2026-08-03,3,LOW,https://disclosures-clerk.house.gov/public_disc/ptr-pdfs/2026/20035118.pdf
2026-08-27T08:19:10+00:00,House,April McClain Delaney,FWONK,Liberty Media Corporation - Series C,BUY,1001,15000,2026-07-29,2026-08-03,5,LOW,https://disclosures-clerk.house.gov/public_disc/ptr-pdfs/2026/20035118.pdf
2026-08-27T08:19:10+00:00,House,April McClain Delaney,FWONK,Liberty Media Corporation - Series C,BUY,15001,50000,2026-07-28,2026-08-03,6,LOW,https://disclosures-clerk.house.gov/public_disc/ptr-pdfs/2026/20035118.pdf
2026-08-27T08:19:10+00:00,House,April McClain Delaney,LTH,"Life Time Group Holdings, Inc",BUY,1001,15000,2026-07-28,2026-08-03,6,LOW,https://disclosures-clerk.house.gov/public_disc/ptr-pdfs/2026/20035118.pdf
2026-08-27T08:19:10+00:00,House,April McClain Delaney,LTH,"Life Time Group Holdings, Inc",BUY,1001,15000,2026-07-29,2026-08-03,5,LOW,https://disclosures-clerk.house.gov/public_disc/ptr-pdfs/2026/20035118.pdf
2026-08-27T08:19:10+00:00,House,April McClain Delaney,LTH,"Life Time Group Holdings, Inc",BUY,1001,15000,2026-07-27,2026-08-03,7,LOW,https://disclosures-clerk.house.gov/public_disc/ptr-pdfs/2026/20035118.pdf
2026-08-27T08:19:10+00:00,House,April McClain Delaney,LTH,"Life Time Group Holdings, Inc",BUY,15001,50000,2026-07-31,2026-08-03,3,LOW,https://disclosures-clerk.house.gov/public_disc/ptr-pdfs/2026/20035118.pdf
2026-08-27T08:19:10+00:00,House,April McClain Delaney,LTH,"Life Time Group Holdings, Inc",BUY,1001,15000,2026-07-30,2026-08-03,4,LOW,https://disclosures-clerk.house.gov/public_disc/ptr-pdfs/2026/20035118.pdf
2026-08-27T08:19:10+00:00,House,April McClain Delaney,LTH,"Life Time Group Holdings, Inc",BUY,15001,50000,2026-07-24,2026-08-03,10,LOW,https://disclosures-clerk.house.gov/public_disc/ptr-pdfs/2026/20035118.pdf
2026-08-27T08:19:10+00:00,House,April McClain Delaney,LTH,"Life Time Group Holdings, Inc",BUY,1001,15000,2026-07-20,2026-08-03,14,LOW,https://disclosures-clerk.house.gov/public_disc/ptr-pdfs/2026/20035118.pdf
2026-08-27T08:19:10+00:00,House,April McClain Delaney,LTH,"Life Time Group Holdings, Inc",BUY,1001,15000,2026-07-21,2026-08-03,13,LOW,https://disclosures-clerk.house.gov/public_disc/ptr-pdfs/2026/20035118.pdf
2026-08-27T08:19:10+00:00,House,April McClain Delaney,LTH,"Life Time Group Holdings, Inc",BUY,1001,15000,2026-07-17,2026-08-03,17,LOW,https://disclosures-clerk.house.gov/public_disc/ptr-pdfs/2026/20035118.pdf
2026-08-27T08:19:10+00:00,House,April McClain Delaney,LYV,"Live Nation Entertainment, Inc",SELL (partial),1001,15000,2026-07-20,2026-08-03,14,LOW,https://disclosures-clerk.house.gov/public_disc/ptr-pdfs/2026/20035118.pdf
2026-08-27T08:19:10+00:00,House,April McClain Delaney,LYV,"Live Nation Entertainment, Inc",SELL (partial),1001,15000,2026-07-21,2026-08-03,13,LOW,https://disclosures-clerk.house.gov/public_disc/ptr-pdfs/2026/20035118.pdf
2026-08-27T08:19:10+00:00,House,April McClain Delaney,MKL,Markel Group Inc. Common Stock,SELL (partial),1001,15000,2026-07-27,2026-08-03,7,LOW,https://disclosures-clerk.house.gov/public_disc/ptr-pdfs/2026/20035118.pdf
2026-08-27T08:19:10+00:00,House,April McClain Delaney,MKL,Markel Group Inc. Common Stock,SELL (partial),1001,15000,2026-07-24,2026-08-03,10,LOW,https://disclosures-clerk.house.gov/public_disc/ptr-pdfs/2026/20035118.pdf
2026-08-27T08:19:10+00:00,House,April McClain Delaney,MKL,Markel Group Inc. Common Stock,SELL (partial),1001,15000,2026-07-29,2026-08-03,5,LOW,https://disclosures-clerk.house.gov/public_disc/ptr-pdfs/2026/20035118.pdf
2026-08-27T08:19:10+00:00,House,April McClain Delaney,MKL,Markel Group Inc. Common Stock,SELL (partial),1001,15000,2026-07-28,2026-08-03,6,LOW,https://disclosures-clerk.house.gov/public_disc/ptr-pdfs/2026/20035118.pdf
2026-08-27T08:19:10+00:00,House,April McClain Delaney,MLM,"Martin Marietta Materials, Inc",BUY,15001,50000,2026-07-24,2026-08-03,10,LOW,https://disclosures-clerk.house.gov/public_disc/ptr-pdfs/2026/20035118.pdf
2026-08-27T08:19:10+00:00,House,April McClain Delaney,MLM,"Martin Marietta Materials, Inc",BUY,1001,15000,2026-07-20,2026-08-03,14,LOW,https://disclosures-clerk.house.gov/public_disc/ptr-pdfs/2026/20035118.pdf
2026-08-27T08:19:10+00:00,House,April McClain Delaney,MLM,"Martin Marietta Materials, Inc",BUY,1001,15000,2026-07-17,2026-08-03,17,LOW,https://disclosures-clerk.house.gov/public_disc/ptr-pdfs/2026/20035118.pdf
2026-08-27T08:19:10+00:00,House,April McClain Delaney,MFP,"Midera Food Processing, Inc",EXCHANGE,1001,15000,2026-07-07,2026-08-03,27,LOW,https://disclosures-clerk.house.gov/public_disc/ptr-pdfs/2026/20035118.pdf
2026-08-27T08:19:10+00:00,House,April McClain Delaney,SCI,Service Corporation International,SELL (partial),1001,15000,2026-07-08,2026-08-03,26,LOW,https://disclosures-clerk.house.gov/public_disc/ptr-pdfs/2026/20035118.pdf
2026-08-27T08:19:10+00:00,House,April McClain Delaney,SCI,Service Corporation International,SELL (partial),1001,15000,2026-07-02,2026-08-03,32,LOW,https://disclosures-clerk.house.gov/public_disc/ptr-pdfs/2026/20035118.pdf
2026-08-27T08:19:10+00:00,House,April McClain Delaney,SCI,Service Corporation International,SELL (partial),1001,15000,2026-07-17,2026-08-03,17,LOW,https://disclosures-clerk.house.gov/public_disc/ptr-pdfs/2026/20035118.pdf
2026-08-27T08:19:10+00:00,House,April McClain Delaney,SCI,Service Corporation International,SELL (partial),1001,15000,2026-07-20,2026-08-03,14,LOW,https://disclosures-clerk.house.gov/public_disc/ptr-pdfs/2026/20035118.pdf
2026-08-27T08:19:10+00:00,House,April McClain Delaney,SCI,Service Corporation International,SELL (partial),1001,15000,2026-07-27,2026-08-03,7,LOW,https://disclosures-clerk.house.gov/public_disc/ptr-pdfs/2026/20035118.pdf
2026-08-27T08:19:10+00:00,House,April McClain Delaney,SCI,Service Corporation International,SELL (partial),1001,15000,2026-07-30,2026-08-03,4,LOW,https://disclosures-clerk.house.gov/public_disc/ptr-pdfs/2026/20035118.pdf
2026-08-27T08:19:10+00:00,House,April McClain Delaney,SGI,Somnigroup International Inc,BUY,15001,50000,2026-07-30,2026-08-03,4,LOW,https://disclosures-clerk.house.gov/public_disc/ptr-pdfs/2026/20035118.pdf
2026-08-27T08:19:10+00:00,House,April McClain Delaney,STE,STERIS plc,SELL (partial),1001,15000,2026-07-31,2026-08-03,3,LOW,https://disclosures-clerk.house.gov/public_disc/ptr-pdfs/2026/20035118.pdf
2026-08-27T08:19:10+00:00,House,April McClain Delaney,STE,STERIS plc,SELL (partial),1001,15000,2026-07-29,2026-08-03,5,LOW,https://disclosures-clerk.house.gov/public_disc/ptr-pdfs/2026/20035118.pdf
2026-08-27T08:19:10+00:00,House,April McClain Delaney,STE,STERIS plc,SELL (partial),1001,15000,2026-07-27,2026-08-03,7,LOW,https://disclosures-clerk.house.gov/public_disc/ptr-pdfs/2026/20035118.pdf
2026-08-27T08:19:10+00:00,House,April McClain Delaney,STE,STERIS plc,SELL (partial),1001,15000,2026-07-24,2026-08-03,10,LOW,https://disclosures-clerk.house.gov/public_disc/ptr-pdfs/2026/20035118.pdf
2026-08-27T08:19:10+00:00,House,April McClain Delaney,TSCO,Tractor Supply Company - Common,SELL (partial),15001,50000,2026-07-27,2026-08-03,7,LOW,https://disclosures-clerk.house.gov/public_disc/ptr-pdfs/2026/20035118.pdf
2026-08-27T08:19:10+00:00,House,April McClain Delaney,TDG,Transdigm Group Incorporated,BUY,1001,15000,2026-07-28,2026-08-03,6,LOW,https://disclosures-clerk.house.gov/public_disc/ptr-pdfs/2026/20035118.pdf
2026-08-27T08:19:10+00:00,House,April McClain Delaney,VIK,Viking Holdings Ltd Ordinary Shares,SELL (partial),1001,15000,2026-07-23,2026-08-03,11,LOW,https://disclosures-clerk.house.gov/public_disc/ptr-pdfs/2026/20035118.pdf
2026-08-27T08:19:10+00:00,House,April McClain Delaney,WAB,Westinghouse Air Brake Technologies,SELL (partial),15001,50000,2026-07-23,2026-08-03,11,LOW,https://disclosures-clerk.house.gov/public_disc/ptr-pdfs/2026/20035118.pdf
2026-08-27T08:19:10+00:00,House,April McClain Delaney,WAB,Westinghouse Air Brake Technologies,SELL (partial),1001,15000,2026-07-28,2026-08-03,6,LOW,https://disclosures-clerk.house.gov/public_disc/ptr-pdfs/2026/20035118.pdf
2026-08-27T08:19:14+00:00,House,William R. Keating,,Alphabet Inc Note Coupon,BUY,1001,15000,2026-08-11,2026-08-25,14,LOW,https://disclosures-clerk.house.gov/public_disc/ptr-pdfs/2026/20035293.pdf
2026-08-27T08:19:14+00:00,House,Kelly Louise Morrison,ACN,Accenture plc Class A Ordinary,SELL,15001,50000,2026-08-11,2026-08-25,14,LOW,https://disclosures-clerk.house.gov/public_disc/ptr-pdfs/2026/20035244.pdf
2026-08-27T08:19:14+00:00,House,Kelly Louise Morrison,MBGL,Mobility Global Inc. Common Stock,SELL,1001,15000,2026-08-11,2026-08-25,14,LOW,https://disclosures-clerk.house.gov/public_disc/ptr-pdfs/2026/20035244.pdf
2026-08-27T08:19:14+00:00,House,Kelly Louise Morrison,SOLS,Solstice Advanced Materials Inc,SELL,1001,15000,2026-08-11,2026-08-25,14,LOW,https://disclosures-clerk.house.gov/public_disc/ptr-pdfs/2026/20035244.pdf
2026-08-27T08:19:15+00:00,House,Michael Rulli,GOOGL,Alphabet Inc. - Class A Common,SELL (partial),50001,100000,2026-08-24,2026-08-25,1,MEDIUM,https://disclosures-clerk.house.gov/public_disc/ptr-pdfs/2026/20035309.pdf
2026-08-27T08:19:16+00:00,House,Suzan K. DelBene,,California CMNTY Choice Fing Auth,BUY,250001,500000,2026-08-06,2026-08-21,15,MEDIUM,https://disclosures-clerk.house.gov/public_disc/ptr-pdfs/2026/20035274.pdf
2026-08-27T08:19:16+00:00,House,Suzan K. DelBene,,Southeast Energy Auth Coop Dist Ala,SELL,250001,500000,2026-08-06,2026-08-21,15,MEDIUM,https://disclosures-clerk.house.gov/public_disc/ptr-pdfs/2026/20035274.pdf
2026-08-27T08:19:17+00:00,House,Suzan K. DelBene,,Washington ST 5% Go Utx Due,BUY,250001,500000,2026-08-07,2026-08-21,14,MEDIUM,https://disclosures-clerk.house.gov/public_disc/ptr-pdfs/2026/20035274.pdf
2026-08-27T08:19:18+00:00,House,Nancy Pelosi,BE,Bloom Energy Corporation Class A,BUY,1000001,5000000,2026-07-24,2026-08-21,28,HIGH,https://disclosures-clerk.house.gov/public_disc/ptr-pdfs/2026/20035143.pdf
2026-08-27T08:19:19+00:00,House,Nancy Pelosi,BE,Bloom Energy Corporation Class A,BUY,500001,1000000,2026-07-28,2026-08-21,24,HIGH,https://disclosures-clerk.house.gov/public_disc/ptr-pdfs/2026/20035143.pdf
2026-08-27T08:19:20+00:00,House,Nancy Pelosi,INTC,Intel Corporation - Common Stock,BUY,500001,1000000,2026-07-24,2026-08-21,28,HIGH,https://disclosures-clerk.house.gov/public_disc/ptr-pdfs/2026/20035143.pdf
2026-08-27T08:19:20+00:00,House,Nancy Pelosi,,"REOF XXV, LLC",BUY,500001,1000000,2026-07-27,2026-08-21,25,HIGH,https://disclosures-clerk.house.gov/public_disc/ptr-pdfs/2026/20035143.pdf
2026-08-27T08:19:22+00:00,House,Tim Moore,T,AT&T Inc,SELL,50001,100000,2026-08-14,2026-08-20,6,MEDIUM,https://disclosures-clerk.house.gov/public_disc/ptr-pdfs/2026/20035291.pdf
2026-08-27T08:19:24+00:00,House,David J. Taylor,GOOGL,Alphabet Inc. - Class A Common,BUY,1001,15000,2026-08-11,2026-08-20,9,LOW,https://disclosures-clerk.house.gov/public_disc/ptr-pdfs/2026/20035289.pdf
2026-08-27T08:19:24+00:00,House,David J. Taylor,IBP,"Installed Building Products, Inc",BUY,1001,15000,2026-08-14,2026-08-20,6,LOW,https://disclosures-clerk.house.gov/public_disc/ptr-pdfs/2026/20035289.pdf
2026-08-27T08:19:24+00:00,House,David J. Taylor,MSFT,Microsoft Corporation - Common,SELL,15001,50000,2026-08-11,2026-08-20,9,LOW,https://disclosures-clerk.house.gov/public_disc/ptr-pdfs/2026/20035289.pdf
2026-08-27T08:19:24+00:00,House,David J. Taylor,PG,Procter & Gamble Company,BUY,1001,15000,2026-08-11,2026-08-20,9,LOW,https://disclosures-clerk.house.gov/public_disc/ptr-pdfs/2026/20035289.pdf
2026-08-27T08:19:24+00:00,House,Richard W. Allen,ABT,Abbott Laboratories Common Stock,SELL,15001,50000,2026-07-14,2026-08-18,35,LOW,https://disclosures-clerk.house.gov/public_disc/ptr-pdfs/2026/20035260.pdf
2026-08-27T08:19:24+00:00,House,Richard W. Allen,AMD,"Advanced Micro Devices, Inc",BUY,1001,15000,2026-07-14,2026-08-18,35,LOW,https://disclosures-clerk.house.gov/public_disc/ptr-pdfs/2026/20035260.pdf
2026-08-27T08:19:24+00:00,House,Richard W. Allen,AVGO,Broadcom Inc. - Common Stock,BUY,1001,15000,2026-07-14,2026-08-18,35,LOW,https://disclosures-clerk.house.gov/public_disc/ptr-pdfs/2026/20035260.pdf
2026-08-27T08:19:25+00:00,House,Ed Case,AAPL,Apple Inc. - Common Stock,BUY,1001,15000,2026-08-13,2026-08-18,5,LOW,https://disclosures-clerk.house.gov/public_disc/ptr-pdfs/2026/20035275.pdf
2026-08-27T08:19:25+00:00,House,Thomas H. Kean Jr,GOOGL,Alphabet Inc. - Class A Common,SELL (partial),1001,15000,2026-07-22,2026-08-18,27,LOW,https://disclosures-clerk.house.gov/public_disc/ptr-pdfs/2026/20035273.pdf
2026-08-27T08:19:25+00:00,House,Thomas H. Kean Jr,AMZN,"Amazon.com, Inc. - Common Stock",BUY,1001,15000,2026-07-08,2026-08-18,41,LOW,https://disclosures-clerk.house.gov/public_disc/ptr-pdfs/2026/20035273.pdf
2026-08-27T08:19:25+00:00,House,Thomas H. Kean Jr,EQT,EQT Corporation Common Stock,BUY,1001,15000,2026-07-07,2026-08-18,42,LOW,https://disclosures-clerk.house.gov/public_disc/ptr-pdfs/2026/20035273.pdf
2026-08-27T08:19:25+00:00,House,Thomas H. Kean Jr,ESAB,ESAB Corporation Common Stock,BUY,1001,15000,2026-07-07,2026-08-18,42,LOW,https://disclosures-clerk.house.gov/public_disc/ptr-pdfs/2026/20035273.pdf
2026-08-27T08:19:25+00:00,House,Thomas H. Kean Jr,SYK,Stryker Corporation Common Stock,SELL (partial),1001,15000,2026-07-22,2026-08-18,27,LOW,https://disclosures-clerk.house.gov/public_disc/ptr-pdfs/2026/20035273.pdf
2026-08-27T08:19:25+00:00,House,Thomas H. Kean Jr,TOST,"Toast, Inc. Class A Common Stock",BUY,1001,15000,2026-07-08,2026-08-18,41,LOW,https://disclosures-clerk.house.gov/public_disc/ptr-pdfs/2026/20035273.pdf
2026-08-27T08:19:26+00:00,House,Steve Cohen,,JPMorgan Chase BK N A INSTL CTF,BUY,100001,250000,2026-08-05,2026-08-17,12,MEDIUM,https://disclosures-clerk.house.gov/public_disc/ptr-pdfs/2026/20035235.pdf
2026-08-27T08:19:26+00:00,House,Steve Cohen,,U.S. Tres Bill Int. Rate 0.00% Mat,BUY,100001,250000,2026-08-06,2026-08-17,11,MEDIUM,https://disclosures-clerk.house.gov/public_disc/ptr-pdfs/2026/20035235.pdf
2026-08-28T21:48:06+00:00,House,Jared Moskowitz,AMAT,"Applied Materials, Inc. - Common",BUY,1001,15000,2026-07-13,2026-08-27,45,LOW,https://disclosures-clerk.house.gov/public_disc/ptr-pdfs/2026/20035243.pdf
2026-08-28T21:48:06+00:00,House,Jared Moskowitz,STE,STERIS plc,SELL,1001,15000,2026-07-13,2026-08-27,45,LOW,https://disclosures-clerk.house.gov/public_disc/ptr-pdfs/2026/20035243.pdf
2026-08-28T21:48:06+00:00,House,Jared Moskowitz,GWW,"W.W. Grainger, Inc. Common Stock",SELL (partial),1001,15000,2026-07-13,2026-08-27,45,LOW,https://disclosures-clerk.house.gov/public_disc/ptr-pdfs/2026/20035243.pdf
2026-08-28T21:48:07+00:00,House,Scott H. Peters,,Charlotte-Meckle HLTH,SELL,250001,500000,2026-07-22,2026-08-17,26,MEDIUM,https://disclosures-clerk.house.gov/public_disc/ptr-pdfs/2026/20035191.pdf
2026-08-28T21:48:07+00:00,House,Scott H. Peters,,Los Angeles CA GO UTX,SELL (partial),500001,1000000,2026-07-24,2026-08-17,24,HIGH,https://disclosures-clerk.house.gov/public_disc/ptr-pdfs/2026/20035191.pdf
2026-08-28T21:48:07+00:00,House,Scott H. Peters,,Los Angeles CA IMPTSch,SELL,500001,1000000,2026-07-24,2026-08-17,24,HIGH,https://disclosures-clerk.house.gov/public_disc/ptr-pdfs/2026/20035191.pdf
2026-08-28T21:48:07+00:00,House,Scott H. Peters,,Los Angeles Cnty CA TRANs,BUY,100001,250000,2026-07-01,2026-08-17,47,MEDIUM,https://disclosures-clerk.house.gov/public_disc/ptr-pdfs/2026/20035191.pdf
2026-08-28T21:48:07+00:00,House,Scott H. Peters,,"Pittsburgh, CA Successor Agency",BUY,50001,100000,2026-07-30,2026-08-17,18,MEDIUM,https://disclosures-clerk.house.gov/public_disc/ptr-pdfs/2026/20035191.pdf
2026-08-28T21:48:07+00:00,House,Scott H. Peters,,Smash Capital Fund II LP,BUY,50001,100000,2026-07-28,2026-08-17,20,MEDIUM,https://disclosures-clerk.house.gov/public_disc/ptr-pdfs/2026/20035191.pdf
2026-08-28T21:48:07+00:00,House,Scott H. Peters,,U.S. Treasury Bill,SELL (partial),50001,100000,2026-07-23,2026-08-17,25,MEDIUM,https://disclosures-clerk.house.gov/public_disc/ptr-pdfs/2026/20035191.pdf
2026-08-28T21:48:07+00:00,House,Scott H. Peters,,U.S. Treasury Bill,BUY,50001,100000,2026-07-27,2026-08-17,21,MEDIUM,https://disclosures-clerk.house.gov/public_disc/ptr-pdfs/2026/20035191.pdf
2026-08-28T21:48:07+00:00,House,Scott H. Peters,,U.S. Treasury Bill,SELL (partial),50001,100000,2026-07-28,2026-08-17,20,MEDIUM,https://disclosures-clerk.house.gov/public_disc/ptr-pdfs/2026/20035191.pdf
2026-08-28T21:48:07+00:00,House,Scott H. Peters,,"Valo Ventures GP II, LP",BUY,15001,50000,2026-07-22,2026-08-17,26,LOW,https://disclosures-clerk.house.gov/public_disc/ptr-pdfs/2026/20035191.pdf
2026-08-28T21:48:08+00:00,House,Michael Patrick Guest,ABNB,"Airbnb, Inc. - Class A Common Stock",SELL,1001,15000,2025-12-16,2026-08-14,241,LOW,https://disclosures-clerk.house.gov/public_disc/ptr-pdfs/2026/20035130.pdf
2026-08-28T21:48:08+00:00,House,Michael Patrick Guest,CVX,Chevron Corporation Common Stock,SELL,1001,15000,2025-12-16,2026-08-14,241,LOW,https://disclosures-clerk.house.gov/public_disc/ptr-pdfs/2026/20035130.pdf
2026-08-28T21:48:08+00:00,House,Michael Patrick Guest,ELF,"e.l.f. Beauty, Inc. Common Stock",SELL,1001,15000,2025-12-16,2026-08-14,241,LOW,https://disclosures-clerk.house.gov/public_disc/ptr-pdfs/2026/20035130.pdf
2026-08-28T21:48:08+00:00,House,Michael Patrick Guest,XOM,ExxonMobil Holdings Corporation,EXCHANGE,1001,15000,2026-07-02,2026-08-14,43,LOW,https://disclosures-clerk.house.gov/public_disc/ptr-pdfs/2026/20035130.pdf
2026-08-28T21:48:09+00:00,House,Richard Dean Dr McCormick,ABT,Abbott Laboratories Common Stock,SELL,1001,15000,2026-07-30,2026-08-14,15,LOW,https://disclosures-clerk.house.gov/public_disc/ptr-pdfs/2026/20035204.pdf
2026-08-28T21:48:09+00:00,House,Richard Dean Dr McCormick,APD,"Air Products and Chemicals, Inc",SELL,1001,15000,2026-07-30,2026-08-14,15,LOW,https://disclosures-clerk.house.gov/public_disc/ptr-pdfs/2026/20035204.pdf
2026-08-28T21:48:09+00:00,House,Richard Dean Dr McCormick,AWK,"American Water Works Company, Inc",SELL,1001,15000,2026-07-30,2026-08-14,15,LOW,https://disclosures-clerk.house.gov/public_disc/ptr-pdfs/2026/20035204.pdf
2026-08-28T21:48:09+00:00,House,Richard Dean Dr McCormick,ADI,"Analog Devices, Inc. - Common Stock",SELL,1001,15000,2026-07-30,2026-08-14,15,LOW,https://disclosures-clerk.house.gov/public_disc/ptr-pdfs/2026/20035204.pdf
2026-08-28T21:48:09+00:00,House,Richard Dean Dr McCormick,AAPL,Apple Inc. - Common Stock,SELL,1001,15000,2026-07-30,2026-08-14,15,LOW,https://disclosures-clerk.house.gov/public_disc/ptr-pdfs/2026/20035204.pdf
2026-08-28T21:48:09+00:00,House,Richard Dean Dr McCormick,ADP,"Automatic Data Processing, Inc",SELL,1001,15000,2026-07-30,2026-08-14,15,LOW,https://disclosures-clerk.house.gov/public_disc/ptr-pdfs/2026/20035204.pdf
2026-08-28T21:48:09+00:00,House,Richard Dean Dr McCormick,BRK.B,Berkshire Hathaway Inc. New,BUY,1001,15000,2026-07-30,2026-08-14,15,LOW,https://disclosures-clerk.house.gov/public_disc/ptr-pdfs/2026/20035204.pdf
2026-08-28T21:48:09+00:00,House,Richard Dean Dr McCormick,BLK,"BlackRock, Inc. Common Stock",SELL,1001,15000,2026-07-30,2026-08-14,15,LOW,https://disclosures-clerk.house.gov/public_disc/ptr-pdfs/2026/20035204.pdf
2026-08-28T21:48:09+00:00,House,Richard Dean Dr McCormick,CSCO,"Cisco Systems, Inc. - Common Stock",SELL,1001,15000,2026-07-30,2026-08-14,15,LOW,https://disclosures-clerk.house.gov/public_disc/ptr-pdfs/2026/20035204.pdf
2026-08-28T21:48:09+00:00,House,Richard Dean Dr McCormick,COST,Costco Wholesale Corporation,SELL,1001,15000,2026-07-30,2026-08-14,15,LOW,https://disclosures-clerk.house.gov/public_disc/ptr-pdfs/2026/20035204.pdf
2026-08-28T21:48:09+00:00,House,Richard Dean Dr McCormick,EMR,Emerson Electric Company Common,SELL,1001,15000,2026-07-30,2026-08-14,15,LOW,https://disclosures-clerk.house.gov/public_disc/ptr-pdfs/2026/20035204.pdf
2026-08-28T21:48:09+00:00,House,Richard Dean Dr McCormick,HD,"Home Depot, Inc",SELL,1001,15000,2026-07-30,2026-08-14,15,LOW,https://disclosures-clerk.house.gov/public_disc/ptr-pdfs/2026/20035204.pdf
2026-08-28T21:48:09+00:00,House,Richard Dean Dr McCormick,ITW,Illinois Tool Works Inc. Common,SELL,1001,15000,2026-07-30,2026-08-14,15,LOW,https://disclosures-clerk.house.gov/public_disc/ptr-pdfs/2026/20035204.pdf
2026-08-28T21:48:09+00:00,House,Richard Dean Dr McCormick,ICE,Intercontinental Exchange Inc,SELL,1001,15000,2026-07-30,2026-08-14,15,LOW,https://disclosures-clerk.house.gov/public_disc/ptr-pdfs/2026/20035204.pdf
2026-08-28T21:48:09+00:00,House,Richard Dean Dr McCormick,JNJ,Johnson & Johnson Common Stock,SELL,1001,15000,2026-07-30,2026-08-14,15,LOW,https://disclosures-clerk.house.gov/public_disc/ptr-pdfs/2026/20035204.pdf
2026-08-28T21:48:09+00:00,House,Richard Dean Dr McCormick,LHX,"L3Harris Technologies, Inc. Common",SELL,1001,15000,2026-07-30,2026-08-14,15,LOW,https://disclosures-clerk.house.gov/public_disc/ptr-pdfs/2026/20035204.pdf
2026-08-28T21:48:09+00:00,House,Richard Dean Dr McCormick,MCD,McDonald's Corporation Common,SELL,1001,15000,2026-07-30,2026-08-14,15,LOW,https://disclosures-clerk.house.gov/public_disc/ptr-pdfs/2026/20035204.pdf
2026-08-28T21:48:09+00:00,House,Richard Dean Dr McCormick,MDT,Medtronic plc. Ordinary Shares,SELL,1001,15000,2026-07-30,2026-08-14,15,LOW,https://disclosures-clerk.house.gov/public_disc/ptr-pdfs/2026/20035204.pdf
2026-08-28T21:48:09+00:00,House,Richard Dean Dr McCormick,MSFT,Microsoft Corporation - Common,SELL,1001,15000,2026-07-30,2026-08-14,15,LOW,https://disclosures-clerk.house.gov/public_disc/ptr-pdfs/2026/20035204.pdf
2026-08-28T21:48:09+00:00,House,Richard Dean Dr McCormick,NEE,"NextEra Energy, Inc. Common Stock",SELL,1001,15000,2026-07-30,2026-08-14,15,LOW,https://disclosures-clerk.house.gov/public_disc/ptr-pdfs/2026/20035204.pdf
2026-08-28T21:48:09+00:00,House,Richard Dean Dr McCormick,PEP,"Pepsico, Inc",SELL,1001,15000,2026-07-30,2026-08-14,15,LOW,https://disclosures-clerk.house.gov/public_disc/ptr-pdfs/2026/20035204.pdf
2026-08-28T21:48:09+00:00,House,Richard Dean Dr McCormick,PG,Procter & Gamble Company,SELL,1001,15000,2026-07-30,2026-08-14,15,LOW,https://disclosures-clerk.house.gov/public_disc/ptr-pdfs/2026/20035204.pdf
2026-08-28T21:48:09+00:00,House,Richard Dean Dr McCormick,O,Realty Income Corporation Common,SELL,1001,15000,2026-07-30,2026-08-14,15,LOW,https://disclosures-clerk.house.gov/public_disc/ptr-pdfs/2026/20035204.pdf
2026-08-28T21:48:09+00:00,House,Richard Dean Dr McCormick,UNH,UnitedHealth Group Incorporated,SELL,1001,15000,2026-07-30,2026-08-14,15,LOW,https://disclosures-clerk.house.gov/public_disc/ptr-pdfs/2026/20035204.pdf
2026-08-28T21:48:09+00:00,House,Richard Dean Dr McCormick,V,Visa Inc,SELL,1001,15000,2026-07-30,2026-08-14,15,LOW,https://disclosures-clerk.house.gov/public_disc/ptr-pdfs/2026/20035204.pdf
2026-08-28T21:48:09+00:00,House,Richard Dean Dr McCormick,WMT,Walmart Inc. - Common Stock,SELL,1001,15000,2026-07-30,2026-08-14,15,LOW,https://disclosures-clerk.house.gov/public_disc/ptr-pdfs/2026/20035204.pdf
2026-08-28T21:48:09+00:00,House,William R. Keating,,CAPITAL ONE FINL CORP NOTE,BUY,1001,15000,2026-06-30,2026-08-13,44,LOW,https://disclosures-clerk.house.gov/public_disc/ptr-pdfs/2026/20034898.pdf
2026-08-28T21:48:09+00:00,House,William R. Keating,,HCA INC. NOTE CALL MAKE,BUY,15001,50000,2026-06-30,2026-08-13,44,LOW,https://disclosures-clerk.house.gov/public_disc/ptr-pdfs/2026/20034898.pdf
2026-08-28T21:48:11+00:00,House,Carol Devine Miller,PFE,"2000134514 SP Pfizer, Inc. Common Stock",SELL,15001,50000,2025-03-10,2026-08-13,521,LOW,https://disclosures-clerk.house.gov/public_disc/ptr-pdfs/2026/20033779.pdf
2026-08-28T21:48:11+00:00,House,Carol Devine Miller,DGX,2000134517 SP Quest Diagnostics Incorporated,SELL,15001,50000,2025-03-10,2026-08-13,521,LOW,https://disclosures-clerk.house.gov/public_disc/ptr-pdfs/2026/20033779.pdf
2026-08-28T21:48:11+00:00,House,Carol Devine Miller,TGT,2000134515 SP Target Corporation Common Stock,SELL,15001,50000,2025-03-10,2026-08-13,521,LOW,https://disclosures-clerk.house.gov/public_disc/ptr-pdfs/2026/20033779.pdf
2026-08-28T21:48:11+00:00,House,Carol Devine Miller,USB,2000134527 SP U.S. Bancorp Common Stock,SELL,15001,50000,2025-03-10,2026-08-13,521,LOW,https://disclosures-clerk.house.gov/public_disc/ptr-pdfs/2026/20033779.pdf
2026-08-28T21:48:12+00:00,House,Shri Thanedar,AAPL,Apple Inc. - Common Stock,SELL (partial),100001,250000,2026-01-09,2026-08-13,216,MEDIUM,https://disclosures-clerk.house.gov/public_disc/ptr-pdfs/2026/20033910.pdf
2026-08-28T21:48:12+00:00,House,Shri Thanedar,MSTR,Strategy Inc - Class A Common Stock,SELL,15001,50000,2025-10-21,2026-08-13,296,LOW,https://disclosures-clerk.house.gov/public_disc/ptr-pdfs/2026/20033910.pdf
2026-08-28T21:48:13+00:00,House,Derek Tran,LTC,Litecoin,SELL,1001,15000,2025-07-28,2026-08-13,381,LOW,https://disclosures-clerk.house.gov/public_disc/ptr-pdfs/2026/20035183.pdf
2026-08-28T21:48:14+00:00,House,Rob Bresnahan,,US Treasury Note 06/30/27,BUY,15001,50000,2026-07-01,2026-08-12,42,LOW,https://disclosures-clerk.house.gov/public_disc/ptr-pdfs/2026/20035216.pdf
2026-08-28T21:48:16+00:00,House,Kevin Hern,OGN,2000166537 JT Organon & Co. Common Stock,SELL,1001,15000,2026-08-05,2026-08-12,7,LOW,https://disclosures-clerk.house.gov/public_disc/ptr-pdfs/2026/20035196.pdf
2026-08-28T21:48:16+00:00,House,Kevin Hern,VSNT,"2000166538 JT Versant Media Group, Inc. - Class",SELL,1001,15000,2026-08-05,2026-08-12,7,LOW,https://disclosures-clerk.house.gov/public_disc/ptr-pdfs/2026/20035196.pdf
2026-08-28T21:48:16+00:00,House,Mike Kelly,ABT,Abbott Laboratories Common Stock,SELL,1001,15000,2026-07-17,2026-08-12,26,LOW,https://disclosures-clerk.house.gov/public_disc/ptr-pdfs/2026/20035203.pdf
2026-08-28T21:48:16+00:00,House,Mike Kelly,,California Cmnty Choice Fing & Clean,BUY,50001,100000,2025-07-17,2026-08-12,391,MEDIUM,https://disclosures-clerk.house.gov/public_disc/ptr-pdfs/2026/20035203.pdf
2026-08-28T21:48:16+00:00,House,Mike Kelly,,Florida St Hsg Fin Corp Rev 3% due,SELL (partial),1001,15000,2026-07-01,2026-08-12,42,LOW,https://disclosures-clerk.house.gov/public_disc/ptr-pdfs/2026/20035203.pdf
2026-08-28T21:48:16+00:00,House,Mike Kelly,PEP,"Pepsico, Inc",SELL,15001,50000,2026-07-17,2026-08-12,26,LOW,https://disclosures-clerk.house.gov/public_disc/ptr-pdfs/2026/20035203.pdf
2026-08-28T21:48:16+00:00,House,Mike Kelly,DIS,Walt Disney Company,SELL,1001,15000,2026-07-17,2026-08-12,26,LOW,https://disclosures-clerk.house.gov/public_disc/ptr-pdfs/2026/20035203.pdf
2026-08-28T21:48:17+00:00,House,Mike Kelly,,2000166568 SP California Cmnty Choice Fing &,BUY,50001,100000,2026-07-17,2026-08-12,26,MEDIUM,https://disclosures-clerk.house.gov/public_disc/ptr-pdfs/2026/20035209.pdf
2026-08-28T21:48:17+00:00,House,Suzan K. DelBene,,Fort Bend Tex Indpt SCH Dist,BUY,250001,500000,2026-07-23,2026-08-11,19,MEDIUM,https://disclosures-clerk.house.gov/public_disc/ptr-pdfs/2026/20035175.pdf
2026-08-28T21:48:18+00:00,House,Josh Gottheimer,,Alphabet Inc. - Depositary Shares,BUY,1001,15000,2026-07-24,2026-08-10,17,LOW,https://disclosures-clerk.house.gov/public_disc/ptr-pdfs/2026/20035186.pdf
2026-08-28T21:48:18+00:00,House,Josh Gottheimer,,Alphabet Inc. - Depositary Shares,BUY,1001,15000,2026-07-23,2026-08-10,18,LOW,https://disclosures-clerk.house.gov/public_disc/ptr-pdfs/2026/20035186.pdf
2026-08-28T21:48:18+00:00,House,Josh Gottheimer,GTLS,"Chart Industries, Inc",SELL,1001,15000,2026-07-17,2026-08-10,24,LOW,https://disclosures-clerk.house.gov/public_disc/ptr-pdfs/2026/20035186.pdf
2026-08-28T21:48:18+00:00,House,Josh Gottheimer,CRWD,"CrowdStrike Holdings, Inc. - Class A",BUY,1001,15000,2026-07-15,2026-08-10,26,LOW,https://disclosures-clerk.house.gov/public_disc/ptr-pdfs/2026/20035186.pdf
2026-08-28T21:48:18+00:00,House,Josh Gottheimer,CCI,Crown Castle Inc. Common Stock,SELL,1001,15000,2026-07-23,2026-08-10,18,LOW,https://disclosures-clerk.house.gov/public_disc/ptr-pdfs/2026/20035186.pdf
2026-08-28T21:48:18+00:00,House,Josh Gottheimer,FN,Fabrinet Ordinary Shares,SELL,1001,15000,2026-07-14,2026-08-10,27,LOW,https://disclosures-clerk.house.gov/public_disc/ptr-pdfs/2026/20035186.pdf
2026-08-28T21:48:18+00:00,House,Josh Gottheimer,IBM,International Business Machines,SELL (partial),1001,15000,2026-07-15,2026-08-10,26,LOW,https://disclosures-clerk.house.gov/public_disc/ptr-pdfs/2026/20035186.pdf
2026-08-28T21:48:18+00:00,House,Josh Gottheimer,IBM,International Business Machines,SELL,1001,15000,2026-07-16,2026-08-10,25,LOW,https://disclosures-clerk.house.gov/public_disc/ptr-pdfs/2026/20035186.pdf
2026-08-28T21:48:18+00:00,House,Josh Gottheimer,MNST,Monster Beverage Corporation,BUY,1001,15000,2026-07-17,2026-08-10,24,LOW,https://disclosures-clerk.house.gov/public_disc/ptr-pdfs/2026/20035186.pdf
2026-08-28T21:48:18+00:00,House,Josh Gottheimer,,NICE Ltd - American Depositary,BUY,1001,15000,2026-07-20,2026-08-10,21,LOW,https://disclosures-clerk.house.gov/public_disc/ptr-pdfs/2026/20035186.pdf
2026-08-28T21:48:18+00:00,House,Josh Gottheimer,PANW,"Palo Alto Networks, Inc",BUY,1001,15000,2026-07-16,2026-08-10,25,LOW,https://disclosures-clerk.house.gov/public_disc/ptr-pdfs/2026/20035186.pdf
2026-08-28T21:48:18+00:00,House,Josh Gottheimer,SAIL,"SailPoint Technologies Holdings, Inc",BUY,1001,15000,2026-07-20,2026-08-10,21,LOW,https://disclosures-clerk.house.gov/public_disc/ptr-pdfs/2026/20035186.pdf
2026-08-28T21:48:19+00:00,House,Kevin Hern,,CADDO CNTY OKLA,BUY,50001,100000,2026-07-24,2026-08-10,17,MEDIUM,https://disclosures-clerk.house.gov/public_disc/ptr-pdfs/2026/20035134.pdf
2026-08-28T21:48:19+00:00,House,Kevin Hern,CMCSA,Comcast Corporation - Class A,SELL,1001,15000,2026-08-05,2026-08-10,5,LOW,https://disclosures-clerk.house.gov/public_disc/ptr-pdfs/2026/20035134.pdf
2026-08-28T21:48:19+00:00,House,Kevin Hern,DEO,Diageo plc Common Stock,SELL,1001,15000,2026-08-05,2026-08-10,5,LOW,https://disclosures-clerk.house.gov/public_disc/ptr-pdfs/2026/20035134.pdf
2026-08-28T21:48:19+00:00,House,Kevin Hern,,EDMOND OKLA PUB WKS AUTH,BUY,15001,50000,2026-07-16,2026-08-10,25,LOW,https://disclosures-clerk.house.gov/public_disc/ptr-pdfs/2026/20035134.pdf
2026-08-28T21:48:19+00:00,House,Kevin Hern,EL,"Estee Lauder Companies, Inc",SELL,1001,15000,2026-08-05,2026-08-10,5,LOW,https://disclosures-clerk.house.gov/public_disc/ptr-pdfs/2026/20035134.pdf
2026-08-28T21:48:19+00:00,House,Kevin Hern,,GRAND RIVER DAM AUTH OKLA,BUY,15001,50000,2026-07-20,2026-08-10,21,LOW,https://disclosures-clerk.house.gov/public_disc/ptr-pdfs/2026/20035134.pdf
2026-08-28T21:48:19+00:00,House,Kevin Hern,KVUE,Kenvue Inc. Common Stock,SELL,1001,15000,2026-08-05,2026-08-10,5,LOW,https://disclosures-clerk.house.gov/public_disc/ptr-pdfs/2026/20035134.pdf
2026-08-28T21:48:19+00:00,House,Kevin Hern,,KINGFISHER CNTY OKLA EDL,BUY,100001,250000,2026-07-20,2026-08-10,21,MEDIUM,https://disclosures-clerk.house.gov/public_disc/ptr-pdfs/2026/20035134.pdf
2026-08-28T21:48:19+00:00,House,Kevin Hern,,LAWTON OKLA GO BDS SER. 2019,BUY,15001,50000,2026-07-17,2026-08-10,24,LOW,https://disclosures-clerk.house.gov/public_disc/ptr-pdfs/2026/20035134.pdf
2026-08-28T21:48:19+00:00,House,Kevin Hern,MDLZ,"Mondelez International, Inc. - Class A",SELL,1001,15000,2026-08-05,2026-08-10,5,LOW,https://disclosures-clerk.house.gov/public_disc/ptr-pdfs/2026/20035134.pdf
2026-08-28T21:48:19+00:00,House,Kevin Hern,,OKLAHOMA CNTY OKLA FIN AUTH,BUY,15001,50000,2026-07-17,2026-08-10,24,LOW,https://disclosures-clerk.house.gov/public_disc/ptr-pdfs/2026/20035134.pdf
2026-08-28T21:48:19+00:00,House,Kevin Hern,OGN,Organon & Co. Common Stock,SELL,1001,15000,2026-08-05,2026-08-10,5,LOW,https://disclosures-clerk.house.gov/public_disc/ptr-pdfs/2026/20035134.pdf
2026-08-28T21:48:19+00:00,House,Kevin Hern,,TULSA CNTY OKLA INDPT SCH,BUY,100001,250000,2026-07-24,2026-08-10,17,MEDIUM,https://disclosures-clerk.house.gov/public_disc/ptr-pdfs/2026/20035134.pdf
2026-08-28T21:48:19+00:00,House,Kevin Hern,VSNT,"Versant Media Group, Inc. - Class A",SELL,1001,15000,2026-08-05,2026-08-10,5,LOW,https://disclosures-clerk.house.gov/public_disc/ptr-pdfs/2026/20035134.pdf
2026-08-28T21:48:19+00:00,House,John J Mr McGuire III,AMAT,"Applied Materials, Inc. - Common",BUY,1001,15000,2026-07-15,2026-08-10,26,LOW,https://disclosures-clerk.house.gov/public_disc/ptr-pdfs/2026/20035180.pdf
2026-08-28T21:48:19+00:00,House,John J Mr McGuire III,BLK,"BlackRock, Inc. Common Stock",SELL (partial),1001,15000,2026-07-10,2026-08-10,31,LOW,https://disclosures-clerk.house.gov/public_disc/ptr-pdfs/2026/20035180.pdf
2026-08-28T21:48:19+00:00,House,John J Mr McGuire III,BLK,"BlackRock, Inc. Common Stock",SELL,1001,15000,2026-07-14,2026-08-10,27,LOW,https://disclosures-clerk.house.gov/public_disc/ptr-pdfs/2026/20035180.pdf
2026-08-28T21:48:19+00:00,House,John J Mr McGuire III,PANW,"Palo Alto Networks, Inc",SELL (partial),1001,15000,2026-07-31,2026-08-10,10,LOW,https://disclosures-clerk.house.gov/public_disc/ptr-pdfs/2026/20035180.pdf
2026-08-28T21:48:20+00:00,House,Donald Sternoff Beyer Jr,,King Cnty Wash 4.00% 12/01/32,EXCHANGE,15001,50000,2026-07-26,2026-08-01,6,LOW,https://disclosures-clerk.house.gov/public_disc/ptr-pdfs/2026/20035106.pdf
2026-08-28T21:48:20+00:00,House,Donald Sternoff Beyer Jr,,Tri-Creek 5.00% 7/15/33,BUY,50001,100000,2026-07-27,2026-08-01,5,MEDIUM,https://disclosures-clerk.house.gov/public_disc/ptr-pdfs/2026/20035106.pdf
2026-08-28T21:48:21+00:00,House,Richard Dean Dr McCormick,ABT,Abbott Laboratories Common Stock,BUY,1001,15000,2026-06-12,2026-07-09,27,LOW,https://disclosures-clerk.house.gov/public_disc/ptr-pdfs/2026/20034954.pdf
2026-08-28T21:48:21+00:00,House,Richard Dean Dr McCormick,ADI,"Analog Devices, Inc. - Common Stock",SELL (partial),1001,15000,2026-06-12,2026-07-09,27,LOW,https://disclosures-clerk.house.gov/public_disc/ptr-pdfs/2026/20034954.pdf
2026-08-28T21:48:21+00:00,House,Richard Dean Dr McCormick,BLK,"BlackRock, Inc. Common Stock",SELL (partial),1001,15000,2026-06-12,2026-07-09,27,LOW,https://disclosures-clerk.house.gov/public_disc/ptr-pdfs/2026/20034954.pdf
2026-08-28T21:48:21+00:00,House,Richard Dean Dr McCormick,CSCO,"Cisco Systems, Inc. - Common Stock",SELL (partial),1001,15000,2026-06-12,2026-07-09,27,LOW,https://disclosures-clerk.house.gov/public_disc/ptr-pdfs/2026/20034954.pdf
2026-08-28T21:48:21+00:00,House,Richard Dean Dr McCormick,ICE,Intercontinental Exchange Inc,BUY,1001,15000,2026-06-12,2026-07-09,27,LOW,https://disclosures-clerk.house.gov/public_disc/ptr-pdfs/2026/20034954.pdf
2026-08-28T21:48:21+00:00,House,Richard Dean Dr McCormick,IMCB,Ishares Morningstar ETF Mid Cap,SELL (partial),1001,15000,2026-06-12,2026-07-09,27,LOW,https://disclosures-clerk.house.gov/public_disc/ptr-pdfs/2026/20034954.pdf
2026-08-28T21:48:21+00:00,House,Richard Dean Dr McCormick,LHX,"L3Harris Technologies, Inc. Common",BUY,1001,15000,2026-06-12,2026-07-09,27,LOW,https://disclosures-clerk.house.gov/public_disc/ptr-pdfs/2026/20034954.pdf
2026-08-28T21:48:21+00:00,House,Richard Dean Dr McCormick,SPSM,State Street SPDR ETF Portfolio S&P,SELL (partial),1001,15000,2026-06-12,2026-07-09,27,LOW,https://disclosures-clerk.house.gov/public_disc/ptr-pdfs/2026/20034954.pdf
2026-08-28T21:48:21+00:00,House,Richard Dean Dr McCormick,UNH,UnitedHealth Group Incorporated,SELL (partial),1001,15000,2026-06-12,2026-07-09,27,LOW,https://disclosures-clerk.house.gov/public_disc/ptr-pdfs/2026/20034954.pdf
2026-08-28T21:48:21+00:00,House,Richard Dean Dr McCormick,MGK,Vanguard Mega Cap Growth ETF,SELL (partial),1001,15000,2026-06-12,2026-07-09,27,LOW,https://disclosures-clerk.house.gov/public_disc/ptr-pdfs/2026/20034954.pdf
2026-08-28T21:48:21+00:00,House,Tim Moore,DASH,"DoorDash, Inc. - Common Stock",SELL,1001,15000,2026-06-09,2026-07-09,30,LOW,https://disclosures-clerk.house.gov/public_disc/ptr-pdfs/2026/20034952.pdf
2026-08-28T21:48:22+00:00,House,Kelly Louise Morrison,,Andersen Corporation,SELL (partial),100001,250000,2026-06-19,2026-07-09,20,MEDIUM,https://disclosures-clerk.house.gov/public_disc/ptr-pdfs/2026/20034806.pdf
2026-08-28T21:48:24+00:00,House,Mike Kelly,,California St Go Call 12/1/27 4% due,SELL,1001,15000,2026-06-01,2026-07-08,37,LOW,https://disclosures-clerk.house.gov/public_disc/ptr-pdfs/2026/20034947.pdf
2026-08-28T21:48:24+00:00,House,Susie Lee,FLL,"Full House Resorts, Inc. - Common",SELL (partial),1001,15000,2026-06-01,2026-07-08,37,LOW,https://disclosures-clerk.house.gov/public_disc/ptr-pdfs/2026/20034790.pdf
2026-08-28T21:48:24+00:00,House,Susie Lee,FLL,"Full House Resorts, Inc. - Common",SELL (partial),1001,15000,2026-07-01,2026-07-08,7,LOW,https://disclosures-clerk.house.gov/public_disc/ptr-pdfs/2026/20034790.pdf
2026-08-28T22:12:47+00:00,House,John McGuire,BLK,"BlackRock, Inc. Common Stock",SELL (partial),1001,15000,2026-07-07,2026-07-08,1,LOW,https://disclosures-clerk.house.gov/public_disc/ptr-pdfs/2026/20034942.pdf
2026-08-28T22:12:47+00:00,House,John McGuire,SPCX,Space Exploration Technologies Corp,BUY,1001,15000,2026-06-15,2026-07-08,23,LOW,https://disclosures-clerk.house.gov/public_disc/ptr-pdfs/2026/20034942.pdf
2026-08-28T22:12:48+00:00,House,Ritchie John Torres,MCK,2000143044 McKesson Corporation Common,BUY,1001,15000,2025-01-07,2026-07-08,547,LOW,https://disclosures-clerk.house.gov/public_disc/ptr-pdfs/2026/20034224.pdf
2026-08-28T22:12:48+00:00,House,Nicholas Begich III,,"Physical Superintelligence, Inc",EXCHANGE,100001,250000,2026-06-07,2026-07-07,30,MEDIUM,https://disclosures-clerk.house.gov/public_disc/ptr-pdfs/2026/20034920.pdf
2026-08-28T22:12:49+00:00,House,April McClain Delaney,CNM,"Core & Main, Inc. Class A Common",SELL (partial),1001,15000,2026-06-12,2026-07-07,25,LOW,https://disclosures-clerk.house.gov/public_disc/ptr-pdfs/2026/20034932.pdf
2026-08-28T22:12:49+00:00,House,April McClain Delaney,CPAY,"Corpay, Inc. Common Stock",SELL (partial),1001,15000,2026-06-12,2026-07-07,25,LOW,https://disclosures-clerk.house.gov/public_disc/ptr-pdfs/2026/20034932.pdf
2026-08-28T22:12:49+00:00,House,April McClain Delaney,ENTG,"Entegris, Inc. - Common Stock",BUY,1001,15000,2026-06-05,2026-07-07,32,LOW,https://disclosures-clerk.house.gov/public_disc/ptr-pdfs/2026/20034932.pdf
2026-08-28T22:12:49+00:00,House,April McClain Delaney,ENTG,"Entegris, Inc. - Common Stock",BUY,1001,15000,2026-06-08,2026-07-07,29,LOW,https://disclosures-clerk.house.gov/public_disc/ptr-pdfs/2026/20034932.pdf
2026-08-28T22:12:49+00:00,House,April McClain Delaney,HUBB,Hubbell Inc Common Stock,BUY,1001,15000,2026-06-08,2026-07-07,29,LOW,https://disclosures-clerk.house.gov/public_disc/ptr-pdfs/2026/20034932.pdf
2026-08-28T22:12:49+00:00,House,April McClain Delaney,HUBB,Hubbell Inc Common Stock,BUY,1001,15000,2026-06-09,2026-07-07,28,LOW,https://disclosures-clerk.house.gov/public_disc/ptr-pdfs/2026/20034932.pdf
2026-08-28T22:12:49+00:00,House,April McClain Delaney,HUBB,Hubbell Inc Common Stock,BUY,1001,15000,2026-06-03,2026-07-07,34,LOW,https://disclosures-clerk.house.gov/public_disc/ptr-pdfs/2026/20034932.pdf
2026-08-28T22:12:49+00:00,House,April McClain Delaney,HUBB,Hubbell Inc Common Stock,BUY,1001,15000,2026-06-16,2026-07-07,21,LOW,https://disclosures-clerk.house.gov/public_disc/ptr-pdfs/2026/20034932.pdf
2026-08-28T22:12:49+00:00,House,April McClain Delaney,HUBB,Hubbell Inc Common Stock,BUY,1001,15000,2026-06-17,2026-07-07,20,LOW,https://disclosures-clerk.house.gov/public_disc/ptr-pdfs/2026/20034932.pdf
2026-08-28T22:12:49+00:00,House,April McClain Delaney,HUBB,Hubbell Inc Common Stock,BUY,1001,15000,2026-06-04,2026-07-07,33,LOW,https://disclosures-clerk.house.gov/public_disc/ptr-pdfs/2026/20034932.pdf
2026-08-28T22:12:49+00:00,House,April McClain Delaney,LYV,"Live Nation Entertainment, Inc",SELL (partial),1001,15000,2026-06-12,2026-07-07,25,LOW,https://disclosures-clerk.house.gov/public_disc/ptr-pdfs/2026/20034932.pdf
2026-08-28T22:12:49+00:00,House,April McClain Delaney,LYV,"Live Nation Entertainment, Inc",SELL (partial),1001,15000,2026-06-01,2026-07-07,36,LOW,https://disclosures-clerk.house.gov/public_disc/ptr-pdfs/2026/20034932.pdf
2026-08-28T22:12:49+00:00,House,April McClain Delaney,LYV,"Live Nation Entertainment, Inc",SELL (partial),1001,15000,2026-06-02,2026-07-07,35,LOW,https://disclosures-clerk.house.gov/public_disc/ptr-pdfs/2026/20034932.pdf
2026-08-28T22:12:49+00:00,House,April McClain Delaney,MIDD,The Middleby Corporation - Common,SELL (partial),1001,15000,2026-06-12,2026-07-07,25,LOW,https://disclosures-clerk.house.gov/public_disc/ptr-pdfs/2026/20034932.pdf
2026-08-28T22:12:49+00:00,House,April McClain Delaney,MIDD,The Middleby Corporation - Common,SELL (partial),1001,15000,2026-06-15,2026-07-07,22,LOW,https://disclosures-clerk.house.gov/public_disc/ptr-pdfs/2026/20034932.pdf
2026-08-28T22:12:49+00:00,House,April McClain Delaney,WAB,Westinghouse Air Brake Technologies,SELL (partial),1001,15000,2026-06-15,2026-07-07,22,LOW,https://disclosures-clerk.house.gov/public_disc/ptr-pdfs/2026/20034932.pdf
2026-08-28T22:12:49+00:00,House,April McClain Delaney,WAB,Westinghouse Air Brake Technologies,SELL (partial),1001,15000,2026-06-12,2026-07-07,25,LOW,https://disclosures-clerk.house.gov/public_disc/ptr-pdfs/2026/20034932.pdf
2026-08-28T22:12:49+00:00,House,April McClain Delaney,WAB,Westinghouse Air Brake Technologies,SELL (partial),1001,15000,2026-06-04,2026-07-07,33,LOW,https://disclosures-clerk.house.gov/public_disc/ptr-pdfs/2026/20034932.pdf
2026-08-28T22:12:49+00:00,House,April McClain Delaney,WAB,Westinghouse Air Brake Technologies,SELL (partial),1001,15000,2026-06-10,2026-07-07,27,LOW,https://disclosures-clerk.house.gov/public_disc/ptr-pdfs/2026/20034932.pdf
2026-08-28T22:12:49+00:00,House,Josh Gottheimer,ADC,Agree Realty Corporation Common,SELL,1001,15000,2026-06-01,2026-07-07,36,LOW,https://disclosures-clerk.house.gov/public_disc/ptr-pdfs/2026/20034938.pdf
2026-08-28T22:12:49+00:00,House,Josh Gottheimer,,Alibaba Group Holding Limited,SELL,1001,15000,2026-06-01,2026-07-07,36,LOW,https://disclosures-clerk.house.gov/public_disc/ptr-pdfs/2026/20034938.pdf
2026-08-28T22:12:49+00:00,House,Josh Gottheimer,BKNG,Booking Holdings Inc. - Common,SELL,1001,15000,2026-06-01,2026-07-07,36,LOW,https://disclosures-clerk.house.gov/public_disc/ptr-pdfs/2026/20034938.pdf
2026-08-28T22:12:49+00:00,House,Josh Gottheimer,INSM,Insmed Incorporated - Common,SELL (partial),1001,15000,2026-06-10,2026-07-07,27,LOW,https://disclosures-clerk.house.gov/public_disc/ptr-pdfs/2026/20034938.pdf
2026-08-28T22:12:49+00:00,House,Josh Gottheimer,NSRGY,NESTLE S.A S/ADR,SELL (partial),1001,15000,2026-06-01,2026-07-07,36,LOW,https://disclosures-clerk.house.gov/public_disc/ptr-pdfs/2026/20034938.pdf
2026-08-28T22:12:49+00:00,House,Josh Gottheimer,NTDOY,Nintendo Co Ltd ADR,SELL (partial),1001,15000,2026-06-17,2026-07-07,20,LOW,https://disclosures-clerk.house.gov/public_disc/ptr-pdfs/2026/20034938.pdf
2026-08-28T22:12:49+00:00,House,Josh Gottheimer,NVZMY,NOVONESIS B UNSP/ADR,SELL,1001,15000,2026-06-01,2026-07-07,36,LOW,https://disclosures-clerk.house.gov/public_disc/ptr-pdfs/2026/20034938.pdf
2026-08-28T22:12:50+00:00,House,Maria Elvira Salazar,BIIB,Biogen Inc. - Common Stock,SELL,15001,50000,2026-06-02,2026-07-07,35,LOW,https://disclosures-clerk.house.gov/public_disc/ptr-pdfs/2026/20034928.pdf
2026-08-28T22:12:50+00:00,House,Maria Elvira Salazar,BEP,Brookfield Renewable Partners L.P,BUY,15001,50000,2026-06-04,2026-07-07,33,LOW,https://disclosures-clerk.house.gov/public_disc/ptr-pdfs/2026/20034928.pdf
2026-08-28T22:12:50+00:00,House,Maria Elvira Salazar,BEP,Brookfield Renewable Partners L.P,BUY,1001,15000,2026-06-03,2026-07-07,34,LOW,https://disclosures-clerk.house.gov/public_disc/ptr-pdfs/2026/20034928.pdf
2026-08-28T22:12:50+00:00,House,Maria Elvira Salazar,BEP,Brookfield Renewable Partners L.P,BUY,1001,15000,2026-06-02,2026-07-07,35,LOW,https://disclosures-clerk.house.gov/public_disc/ptr-pdfs/2026/20034928.pdf
2026-08-28T22:12:50+00:00,House,Maria Elvira Salazar,CRM,"Salesforce, Inc. Common Stock",BUY,15001,50000,2026-06-02,2026-07-07,35,LOW,https://disclosures-clerk.house.gov/public_disc/ptr-pdfs/2026/20034928.pdf
2026-08-28T22:12:50+00:00,House,Maria Elvira Salazar,UNH,UnitedHealth Group Incorporated,SELL,1001,15000,2026-06-04,2026-07-07,33,LOW,https://disclosures-clerk.house.gov/public_disc/ptr-pdfs/2026/20034928.pdf
2026-08-28T22:12:50+00:00,House,Maria Elvira Salazar,VOYG,"Voyager Technologies, Inc. Class A",BUY,15001,50000,2026-06-15,2026-07-07,22,LOW,https://disclosures-clerk.house.gov/public_disc/ptr-pdfs/2026/20034928.pdf
2026-08-28T22:12:50+00:00,House,Lloyd Doggett,HD,"Home Depot, Inc",BUY,1001,15000,2026-06-18,2026-07-06,18,LOW,https://disclosures-clerk.house.gov/public_disc/ptr-pdfs/2026/20034923.pdf
2026-08-28T22:12:50+00:00,House,Lloyd Doggett,IBM,International Business Machines,BUY,1001,15000,2026-06-10,2026-07-06,26,LOW,https://disclosures-clerk.house.gov/public_disc/ptr-pdfs/2026/20034923.pdf
2026-08-28T22:12:50+00:00,House,Lloyd Doggett,JNJ,Johnson & Johnson Common Stock,BUY,1001,15000,2026-06-09,2026-07-06,27,LOW,https://disclosures-clerk.house.gov/public_disc/ptr-pdfs/2026/20034923.pdf
2026-08-28T22:12:50+00:00,House,Lloyd Doggett,PPG,"PPG Industries, Inc. Common Stock",BUY,1001,15000,2026-06-12,2026-07-06,24,LOW,https://disclosures-clerk.house.gov/public_disc/ptr-pdfs/2026/20034923.pdf
2026-08-28T22:12:52+00:00,House,Cleo Fields,TSM,Taiwan Semiconductor,BUY,1001,15000,2026-07-10,2026-07-30,20,LOW,https://disclosures-clerk.house.gov/public_disc/ptr-pdfs/2026/20035023.pdf
2026-08-28T22:12:52+00:00,House,Kelly Louise Morrison,HONAV,Honeywell Aerospace Inc. - Common,EXCHANGE,15001,50000,2026-06-29,2026-07-30,31,LOW,https://disclosures-clerk.house.gov/public_disc/ptr-pdfs/2026/20034972.pdf
2026-08-28T22:12:53+00:00,House,Sheri Biggs,,Oaktree Strategic Credit Fund Class S,BUY,1001,15000,2026-06-30,2026-07-27,27,LOW,https://disclosures-clerk.house.gov/public_disc/ptr-pdfs/2026/20035007.pdf
2026-08-28T22:12:53+00:00,House,Sam T. Liccardo,NVDA,NVIDIA Corporation - Common Stock,SELL (partial),15001,50000,2026-07-21,2026-07-27,6,LOW,https://disclosures-clerk.house.gov/public_disc/ptr-pdfs/2026/20034736.pdf
2026-08-28T22:12:54+00:00,House,Adrian Smith,,CarterBaldwin,BUY,15001,50000,2026-07-31,2026-07-27,-4,LOW,https://disclosures-clerk.house.gov/public_disc/ptr-pdfs/2026/20035067.pdf
2026-08-28T22:12:54+00:00,House,Max Miller,,Riverside Acceleration Capital,BUY,1001,15000,2026-07-22,2026-07-26,4,LOW,https://disclosures-clerk.house.gov/public_disc/ptr-pdfs/2026/20035075.pdf
2026-08-28T22:12:55+00:00,House,Jared Moskowitz,AMAT,"Applied Materials, Inc. - Common",BUY,1001,15000,2026-06-18,2026-07-26,38,LOW,https://disclosures-clerk.house.gov/public_disc/ptr-pdfs/2026/20034963.pdf
2026-08-28T22:12:55+00:00,House,Jared Moskowitz,HCA,"HCA Healthcare, Inc. Common Stock",BUY,1001,15000,2026-06-17,2026-07-26,39,LOW,https://disclosures-clerk.house.gov/public_disc/ptr-pdfs/2026/20034963.pdf
2026-08-28T22:12:55+00:00,House,Jared Moskowitz,HD,"Home Depot, Inc",BUY,1001,15000,2026-06-17,2026-07-26,39,LOW,https://disclosures-clerk.house.gov/public_disc/ptr-pdfs/2026/20034963.pdf
2026-08-28T22:12:55+00:00,House,Jared Moskowitz,META,"Meta Platforms, Inc. - Class A",BUY,1001,15000,2026-06-17,2026-07-26,39,LOW,https://disclosures-clerk.house.gov/public_disc/ptr-pdfs/2026/20034963.pdf
2026-08-28T22:12:55+00:00,House,Jared Moskowitz,MSFT,Microsoft Corporation - Common,BUY,1001,15000,2026-06-17,2026-07-26,39,LOW,https://disclosures-clerk.house.gov/public_disc/ptr-pdfs/2026/20034963.pdf
2026-08-28T22:12:55+00:00,House,Jared Moskowitz,MNST,Monster Beverage Corporation,BUY,1001,15000,2026-06-17,2026-07-26,39,LOW,https://disclosures-clerk.house.gov/public_disc/ptr-pdfs/2026/20034963.pdf
2026-08-28T22:12:55+00:00,House,Jared Moskowitz,SPGI,S&P Global Inc. Common Stock,SELL,1001,15000,2026-06-17,2026-07-26,39,LOW,https://disclosures-clerk.house.gov/public_disc/ptr-pdfs/2026/20034963.pdf
2026-08-28T22:12:55+00:00,House,Jared Moskowitz,SPCX,Space Exploration Technologies Corp,BUY,1001,15000,2026-06-12,2026-07-26,44,LOW,https://disclosures-clerk.house.gov/public_disc/ptr-pdfs/2026/20034963.pdf
2026-08-28T22:12:55+00:00,House,Robert E. Latta,FMAO,"Farmers & Merchants Bancorp, Inc",BUY,1001,15000,2026-07-20,2026-07-24,4,LOW,https://disclosures-clerk.house.gov/public_disc/ptr-pdfs/2026/20035065.pdf
2026-08-28T22:12:56+00:00,House,Pete Sessions,ARCC,Ares Capital Corporation - Closed End,SELL,1001,15000,2026-07-24,2026-07-24,0,LOW,https://disclosures-clerk.house.gov/public_disc/ptr-pdfs/2026/20035068.pdf
2026-08-28T22:12:58+00:00,House,Debbie Dingell,,FHLMC 30 YR GOLD RQ0128,BUY,15001,50000,2026-07-14,2026-07-22,8,LOW,https://disclosures-clerk.house.gov/public_disc/ptr-pdfs/2026/20035048.pdf
2026-08-28T22:12:59+00:00,House,James A. Himes,BAC,Bank of America Corporation,SELL,1001,15000,2026-07-20,2026-07-20,0,LOW,https://disclosures-clerk.house.gov/public_disc/ptr-pdfs/2026/20035047.pdf
2026-08-28T22:12:59+00:00,House,James A. Himes,XOM,ExxonMobil Holdings Corporation,SELL,15001,50000,2026-07-20,2026-07-20,0,LOW,https://disclosures-clerk.house.gov/public_disc/ptr-pdfs/2026/20035047.pdf
2026-08-28T22:12:59+00:00,House,James A. Himes,HD,"Home Depot, Inc",SELL,15001,50000,2026-07-20,2026-07-20,0,LOW,https://disclosures-clerk.house.gov/public_disc/ptr-pdfs/2026/20035047.pdf
2026-08-28T22:13:00+00:00,House,Gilbert Cisneros,ABT,Abbott Laboratories Common Stock,BUY,1001,15000,2026-06-16,2026-07-02,16,LOW,https://disclosures-clerk.house.gov/public_disc/ptr-pdfs/2026/20034906.pdf
2026-08-28T22:13:00+00:00,House,Gilbert Cisneros,ACN,Accenture plc Class A Ordinary,BUY,1001,15000,2026-06-16,2026-07-02,16,LOW,https://disclosures-clerk.house.gov/public_disc/ptr-pdfs/2026/20034906.pdf
2026-08-28T22:13:00+00:00,House,Gilbert Cisneros,AMD,"Advanced Micro Devices, Inc",BUY,1001,15000,2026-06-05,2026-07-02,27,LOW,https://disclosures-clerk.house.gov/public_disc/ptr-pdfs/2026/20034906.pdf
2026-08-28T22:13:00+00:00,House,Gilbert Cisneros,AJINF,"Ajinomoto Company, Inc. Ordinary",SELL,1001,15000,2026-06-09,2026-07-02,23,LOW,https://disclosures-clerk.house.gov/public_disc/ptr-pdfs/2026/20034906.pdf
2026-08-28T22:13:00+00:00,House,Gilbert Cisneros,AAPL,Apple Inc. - Common Stock,BUY,1001,15000,2026-06-05,2026-07-02,27,LOW,https://disclosures-clerk.house.gov/public_disc/ptr-pdfs/2026/20034906.pdf
2026-08-28T22:13:00+00:00,House,Gilbert Cisneros,AGX,"Argan, Inc. Common Stock",BUY,15001,50000,2026-06-30,2026-07-02,2,LOW,https://disclosures-clerk.house.gov/public_disc/ptr-pdfs/2026/20034906.pdf
2026-08-28T22:13:00+00:00,House,Gilbert Cisneros,ADP,"Automatic Data Processing, Inc",BUY,1001,15000,2026-06-16,2026-07-02,16,LOW,https://disclosures-clerk.house.gov/public_disc/ptr-pdfs/2026/20034906.pdf
2026-08-28T22:13:00+00:00,House,Gilbert Cisneros,SAN,"Banco Santander, S.A. Sponsored",BUY,1001,15000,2026-06-09,2026-07-02,23,LOW,https://disclosures-clerk.house.gov/public_disc/ptr-pdfs/2026/20034906.pdf
2026-08-28T22:13:00+00:00,House,Gilbert Cisneros,BIIB,Biogen Inc. - Common Stock,BUY,1001,15000,2026-06-05,2026-07-02,27,LOW,https://disclosures-clerk.house.gov/public_disc/ptr-pdfs/2026/20034906.pdf
2026-08-28T22:13:00+00:00,House,Gilbert Cisneros,BNPQF,BNP Paribas Ordinary Shares,BUY,1001,15000,2026-06-09,2026-07-02,23,LOW,https://disclosures-clerk.house.gov/public_disc/ptr-pdfs/2026/20034906.pdf
2026-08-28T22:13:00+00:00,House,Gilbert Cisneros,BOOT,"Boot Barn Holdings, Inc. Common",BUY,1001,15000,2026-06-30,2026-07-02,2,LOW,https://disclosures-clerk.house.gov/public_disc/ptr-pdfs/2026/20034906.pdf
2026-08-28T22:13:00+00:00,House,Gilbert Cisneros,BSX,Boston Scientific Corporation,BUY,1001,15000,2026-06-05,2026-07-02,27,LOW,https://disclosures-clerk.house.gov/public_disc/ptr-pdfs/2026/20034906.pdf
2026-08-28T22:13:00+00:00,House,Gilbert Cisneros,BSX,Boston Scientific Corporation,SELL (partial),1001,15000,2026-06-05,2026-07-02,27,LOW,https://disclosures-clerk.house.gov/public_disc/ptr-pdfs/2026/20034906.pdf
2026-08-28T22:13:00+00:00,House,Gilbert Cisneros,BRCM,Broadcom Corporation - Class A,SELL (partial),1001,15000,2026-06-30,2026-07-02,2,LOW,https://disclosures-clerk.house.gov/public_disc/ptr-pdfs/2026/20034906.pdf
2026-08-28T22:13:00+00:00,House,Gilbert Cisneros,,"Broadridge Financial Solutions, Inc",BUY,1001,15000,2026-06-16,2026-07-02,16,LOW,https://disclosures-clerk.house.gov/public_disc/ptr-pdfs/2026/20034906.pdf
2026-08-28T22:13:00+00:00,House,Gilbert Cisneros,CDRE,"Cadre Holdings, Inc. Common Stock",BUY,1001,15000,2026-06-30,2026-07-02,2,LOW,https://disclosures-clerk.house.gov/public_disc/ptr-pdfs/2026/20034906.pdf
2026-08-28T22:13:00+00:00,House,Gilbert Cisneros,CBZ,"CBIZ, Inc. Common Stock",SELL,1001,15000,2026-06-30,2026-07-02,2,LOW,https://disclosures-clerk.house.gov/public_disc/ptr-pdfs/2026/20034906.pdf
2026-08-28T22:13:00+00:00,House,Gilbert Cisneros,CECO,CECO Environmental Corp,BUY,1001,15000,2026-06-30,2026-07-02,2,LOW,https://disclosures-clerk.house.gov/public_disc/ptr-pdfs/2026/20034906.pdf
2026-08-28T22:13:00+00:00,House,Gilbert Cisneros,CME,CME Group Inc. - Class A Common,SELL (partial),1001,15000,2026-06-16,2026-07-02,16,LOW,https://disclosures-clerk.house.gov/public_disc/ptr-pdfs/2026/20034906.pdf
2026-08-28T22:13:00+00:00,House,Gilbert Cisneros,COIN,"Coinbase Global, Inc. - Class A",SELL,1001,15000,2026-06-16,2026-07-02,16,LOW,https://disclosures-clerk.house.gov/public_disc/ptr-pdfs/2026/20034906.pdf
2026-08-28T22:13:00+00:00,House,Gilbert Cisneros,CMCSA,Comcast Corporation - Class A,BUY,1001,15000,2026-06-16,2026-07-02,16,LOW,https://disclosures-clerk.house.gov/public_disc/ptr-pdfs/2026/20034906.pdf
2026-08-28T22:13:00+00:00,House,Gilbert Cisneros,CAG,"ConAgra Brands, Inc. Common Stock",SELL,15001,50000,2026-06-16,2026-07-02,16,LOW,https://disclosures-clerk.house.gov/public_disc/ptr-pdfs/2026/20034906.pdf
2026-08-28T22:13:00+00:00,House,Gilbert Cisneros,CRDO,Credo Technology Group Holding Ltd,SELL (partial),1001,15000,2026-06-30,2026-07-02,2,LOW,https://disclosures-clerk.house.gov/public_disc/ptr-pdfs/2026/20034906.pdf
2026-08-28T22:13:00+00:00,House,Gilbert Cisneros,CYTK,"Cytokinetics, Incorporated - Common",BUY,1001,15000,2026-06-30,2026-07-02,2,LOW,https://disclosures-clerk.house.gov/public_disc/ptr-pdfs/2026/20034906.pdf
2026-08-28T22:13:00+00:00,House,Gilbert Cisneros,EA,Electronic Arts Inc. - Common Stock,BUY,1001,15000,2026-06-16,2026-07-02,16,LOW,https://disclosures-clerk.house.gov/public_disc/ptr-pdfs/2026/20034906.pdf
2026-08-28T22:13:00+00:00,House,Gilbert Cisneros,LLY,Eli Lilly and Company Common Stock,BUY,50001,100000,2026-06-10,2026-07-02,22,MEDIUM,https://disclosures-clerk.house.gov/public_disc/ptr-pdfs/2026/20034906.pdf
2026-08-28T22:13:00+00:00,House,Gilbert Cisneros,FIS,Fidelity National Information,BUY,1001,15000,2026-06-16,2026-07-02,16,LOW,https://disclosures-clerk.house.gov/public_disc/ptr-pdfs/2026/20034906.pdf
2026-08-28T22:13:00+00:00,House,Gilbert Cisneros,FSV,FirstService Corporation - Common,BUY,1001,15000,2026-06-11,2026-07-02,21,LOW,https://disclosures-clerk.house.gov/public_disc/ptr-pdfs/2026/20034906.pdf
2026-08-28T22:13:00+00:00,House,Gilbert Cisneros,FOX,Fox Corporation - Class B Common,SELL,1001,15000,2026-06-16,2026-07-02,16,LOW,https://disclosures-clerk.house.gov/public_disc/ptr-pdfs/2026/20034906.pdf
2026-08-28T22:13:00+00:00,House,Gilbert Cisneros,GIS,"General Mills, Inc. Common Stock",BUY,1001,15000,2026-06-16,2026-07-02,16,LOW,https://disclosures-clerk.house.gov/public_disc/ptr-pdfs/2026/20034906.pdf
2026-08-28T22:13:00+00:00,House,Gilbert Cisneros,GDDY,GoDaddy Inc. Class A Common Stock,SELL,1001,15000,2026-06-16,2026-07-02,16,LOW,https://disclosures-clerk.house.gov/public_disc/ptr-pdfs/2026/20034906.pdf
2026-08-28T22:13:00+00:00,House,Gilbert Cisneros,HQY,"HealthEquity, Inc. - Common Stock",BUY,1001,15000,2026-06-30,2026-07-02,2,LOW,https://disclosures-clerk.house.gov/public_disc/ptr-pdfs/2026/20034906.pdf
2026-08-28T22:13:00+00:00,House,Gilbert Cisneros,IBM,International Business Machines,BUY,15001,200,2026-06-16,2026-07-02,16,LOW,https://disclosures-clerk.house.gov/public_disc/ptr-pdfs/2026/20034906.pdf
2026-08-28T22:13:00+00:00,House,Gilbert Cisneros,JKHY,"Jack Henry & Associates, Inc",BUY,1001,15000,2026-06-16,2026-07-02,16,LOW,https://disclosures-clerk.house.gov/public_disc/ptr-pdfs/2026/20034906.pdf
2026-08-28T22:13:00+00:00,House,Gilbert Cisneros,KVUE,Kenvue Inc. Common Stock,BUY,1001,15000,2026-06-16,2026-07-02,16,LOW,https://disclosures-clerk.house.gov/public_disc/ptr-pdfs/2026/20034906.pdf
2026-08-28T22:13:00+00:00,House,Gilbert Cisneros,,"Los Angeles, CA Tax & Revenue",BUY,100001,250000,2026-06-24,2026-07-02,8,MEDIUM,https://disclosures-clerk.house.gov/public_disc/ptr-pdfs/2026/20034906.pdf
2026-08-28T22:13:00+00:00,House,Gilbert Cisneros,LPLA,LPL Financial Holdings Inc,BUY,1001,15000,2026-06-05,2026-07-02,27,LOW,https://disclosures-clerk.house.gov/public_disc/ptr-pdfs/2026/20034906.pdf
2026-08-28T22:13:00+00:00,House,Gilbert Cisneros,LPLA,LPL Financial Holdings Inc,BUY,1001,15000,2026-06-11,2026-07-02,21,LOW,https://disclosures-clerk.house.gov/public_disc/ptr-pdfs/2026/20034906.pdf
2026-08-28T22:13:00+00:00,House,Gilbert Cisneros,MA,Mastercard Incorporated Common,SELL (partial),1001,15000,2026-06-05,2026-07-02,27,LOW,https://disclosures-clerk.house.gov/public_disc/ptr-pdfs/2026/20034906.pdf
2026-08-28T22:13:00+00:00,House,Gilbert Cisneros,MELI,"MercadoLibre, Inc. - Common Stock",BUY,15001,50000,2026-06-10,2026-07-02,22,LOW,https://disclosures-clerk.house.gov/public_disc/ptr-pdfs/2026/20034906.pdf
2026-08-28T22:13:00+00:00,House,Gilbert Cisneros,MCHP,Microchip Technology Incorporated,BUY,1001,15000,2026-06-30,2026-07-02,2,LOW,https://disclosures-clerk.house.gov/public_disc/ptr-pdfs/2026/20034906.pdf
2026-08-28T22:13:00+00:00,House,Gilbert Cisneros,MU,"Micron Technology, Inc. - Common",SELL (partial),1001,15000,2026-06-05,2026-07-02,27,LOW,https://disclosures-clerk.house.gov/public_disc/ptr-pdfs/2026/20034906.pdf
2026-08-28T22:13:00+00:00,House,Gilbert Cisneros,MSFT,Microsoft Corporation - Common,SELL (partial),15001,50000,2026-06-16,2026-07-02,16,LOW,https://disclosures-clerk.house.gov/public_disc/ptr-pdfs/2026/20034906.pdf
2026-08-28T22:13:00+00:00,House,Gilbert Cisneros,,"Mount San Jacinto, CA, Cmnty",SELL,500001,1000000,2026-06-02,2026-07-02,30,HIGH,https://disclosures-clerk.house.gov/public_disc/ptr-pdfs/2026/20034906.pdf
2026-08-28T22:13:00+00:00,House,Gilbert Cisneros,PGR,Progressive Corporation,BUY,1001,15000,2026-06-16,2026-07-02,16,LOW,https://disclosures-clerk.house.gov/public_disc/ptr-pdfs/2026/20034906.pdf
2026-08-28T22:13:00+00:00,House,Gilbert Cisneros,RBC,RBC Bearings Incorporated Common,SELL (partial),1001,15000,2026-06-30,2026-07-02,2,LOW,https://disclosures-clerk.house.gov/public_disc/ptr-pdfs/2026/20034906.pdf
2026-08-28T22:13:00+00:00,House,Gilbert Cisneros,SMTC,Semtech Corporation - Common,SELL (partial),1001,15000,2026-06-30,2026-07-02,2,LOW,https://disclosures-clerk.house.gov/public_disc/ptr-pdfs/2026/20034906.pdf
2026-08-28T22:13:00+00:00,House,Gilbert Cisneros,SFTBF,SOFTBANK GROUP CORP,SELL,1001,15000,2026-06-30,2026-07-02,2,LOW,https://disclosures-clerk.house.gov/public_disc/ptr-pdfs/2026/20034906.pdf
2026-08-28T22:13:00+00:00,House,Gilbert Cisneros,SPCX,Space Exploration Technologies Corp,BUY,1001,15000,2026-06-18,2026-07-02,14,LOW,https://disclosures-clerk.house.gov/public_disc/ptr-pdfs/2026/20034906.pdf
2026-08-28T22:13:00+00:00,House,Gilbert Cisneros,SPOT,Spotify Technology S.A. Ordinary,SELL,1001,15000,2026-06-18,2026-07-02,14,LOW,https://disclosures-clerk.house.gov/public_disc/ptr-pdfs/2026/20034906.pdf
2026-08-28T22:13:00+00:00,House,Gilbert Cisneros,,"Sterling Infrastructure, Inc",SELL (partial),1001,15000,2026-06-30,2026-07-02,2,LOW,https://disclosures-clerk.house.gov/public_disc/ptr-pdfs/2026/20034906.pdf
2026-08-28T22:13:00+00:00,House,Gilbert Cisneros,STRL,"Sterling Infrastructure, Inc",SELL (partial),15001,50000,2026-06-16,2026-07-02,16,LOW,https://disclosures-clerk.house.gov/public_disc/ptr-pdfs/2026/20034906.pdf
2026-08-28T22:13:00+00:00,House,Gilbert Cisneros,MSTR,Strategy Inc - Class A Common Stock,BUY,15001,50000,2026-06-05,2026-07-02,27,LOW,https://disclosures-clerk.house.gov/public_disc/ptr-pdfs/2026/20034906.pdf
2026-08-28T22:13:00+00:00,House,Gilbert Cisneros,TEL,TE Connectivity plc Ordinary Shares,BUY,1001,15000,2026-06-05,2026-07-02,27,LOW,https://disclosures-clerk.house.gov/public_disc/ptr-pdfs/2026/20034906.pdf
2026-08-28T22:13:00+00:00,House,Gilbert Cisneros,TCBI,"Texas Capital Bancshares, Inc",BUY,1001,15000,2026-06-30,2026-07-02,2,LOW,https://disclosures-clerk.house.gov/public_disc/ptr-pdfs/2026/20034906.pdf
2026-08-28T22:13:00+00:00,House,Gilbert Cisneros,TXRH,"Texas Roadhouse, Inc. - Common",BUY,1001,15000,2026-06-30,2026-07-02,2,LOW,https://disclosures-clerk.house.gov/public_disc/ptr-pdfs/2026/20034906.pdf
2026-08-28T22:13:00+00:00,House,Gilbert Cisneros,COO,"The Cooper Companies, Inc",BUY,1001,15000,2026-06-05,2026-07-02,27,LOW,https://disclosures-clerk.house.gov/public_disc/ptr-pdfs/2026/20034906.pdf
2026-08-28T22:13:00+00:00,House,Gilbert Cisneros,DSGX,The Descartes Systems Group Inc,BUY,1001,15000,2026-06-30,2026-07-02,2,LOW,https://disclosures-clerk.house.gov/public_disc/ptr-pdfs/2026/20034906.pdf
2026-08-28T22:13:00+00:00,House,Gilbert Cisneros,TTD,"The Trade Desk, Inc. - Class A",SELL,1001,15000,2026-06-16,2026-07-02,16,LOW,https://disclosures-clerk.house.gov/public_disc/ptr-pdfs/2026/20034906.pdf
2026-08-28T22:13:00+00:00,House,Gilbert Cisneros,,Tokyo Electron Ltd Ordinary Shares,BUY,1001,15000,2026-06-09,2026-07-02,23,LOW,https://disclosures-clerk.house.gov/public_disc/ptr-pdfs/2026/20034906.pdf
2026-08-28T22:13:00+00:00,House,Gilbert Cisneros,MTN,"Vail Resorts, Inc. Common Stock",BUY,15001,50000,2026-06-10,2026-07-02,22,LOW,https://disclosures-clerk.house.gov/public_disc/ptr-pdfs/2026/20034906.pdf
2026-08-28T22:13:00+00:00,House,Gilbert Cisneros,VLTO,Veralto Corp Common Stock,BUY,1001,15000,2026-06-24,2026-07-02,8,LOW,https://disclosures-clerk.house.gov/public_disc/ptr-pdfs/2026/20034906.pdf
2026-08-28T22:13:00+00:00,House,Gilbert Cisneros,VRSK,"Verisk Analytics, Inc. - Common",BUY,1001,15000,2026-06-16,2026-07-02,16,LOW,https://disclosures-clerk.house.gov/public_disc/ptr-pdfs/2026/20034906.pdf
2026-08-28T22:13:00+00:00,House,Gilbert Cisneros,WRB,W.R. Berkley Corporation Common,SELL (partial),1001,15000,2026-06-05,2026-07-02,27,LOW,https://disclosures-clerk.house.gov/public_disc/ptr-pdfs/2026/20034906.pdf
2026-08-28T22:13:00+00:00,House,Gilbert Cisneros,WDAY,"Workday, Inc. - Class A Common",SELL,15001,50000,2026-06-05,2026-07-02,27,LOW,https://disclosures-clerk.house.gov/public_disc/ptr-pdfs/2026/20034906.pdf
2026-08-28T22:13:00+00:00,House,Gilbert Cisneros,ZTS,Zoetis Inc. Class A Common Stock,BUY,1001,15000,2026-06-16,2026-07-02,16,LOW,https://disclosures-clerk.house.gov/public_disc/ptr-pdfs/2026/20034906.pdf
2026-08-28T22:13:02+00:00,House,Daniel Meuser,NVDA,NVIDIA Corporation - Common Stock,SELL (partial),1001,15000,2026-05-27,2026-07-02,36,LOW,https://disclosures-clerk.house.gov/public_disc/ptr-pdfs/2026/20034774.pdf
2026-08-28T22:13:02+00:00,House,Daniel Meuser,SPCX,Space Exploration Technologies Corp,BUY,15001,50000,2026-06-15,2026-07-02,17,LOW,https://disclosures-clerk.house.gov/public_disc/ptr-pdfs/2026/20034774.pdf
2026-08-28T22:13:02+00:00,House,Ann Wagner,,KKR Private Equity Conglomerate,BUY,250001,500000,2026-06-22,2026-07-02,10,MEDIUM,https://disclosures-clerk.house.gov/public_disc/ptr-pdfs/2026/20034915.pdf
2026-08-28T22:13:02+00:00,House,Ann Wagner,,PARTNERS GROUP PRIVATE,SELL,15001,50000,2026-06-10,2026-07-02,22,LOW,https://disclosures-clerk.house.gov/public_disc/ptr-pdfs/2026/20034915.pdf
